TICKER,PERMNO
USWC,80702
JTWO,11745
ISOL,44207
JBOH,11671
ICNT,44581
VIFL,77004
MEDW,76945
BARR,16986
INFD,44090
CMED,28063
THR,57162
CAP,27642
BSML,76931
MITK,11803
LPAC,76791
SYBR,79500
UNIV,76472
CMGI,80114
NOBH,57745
DGSE,10028
PLR,43705
EWEB,79393
PNDR,76420
CCIL,76899
SFTW,80477
EDCO,10536
INOD,79499
AMS,13769
APOL,81138
IGLC,44522
FSVP,10806
JDSU,79879
MGNL,76581
SBNK,76045
MODT,76228
FAME,36709
IATV,76290
PLY,68996
NCOM,76402
AOL,77418
KLOC,12202
MXP,68566
ACRT,76542
NETE,75684
ACMI,79027
MODM,80255
KKRO,77226
PRZ,76951
MTMC,79721
JWG,10624
ARB,49322
CMMD,76330
KEA,47248
MBMI,53496
CIA,23799
CADA,11656
GSTD,11811
TTMT,79931
AIM,11157
VTX,70260
BNHNA,11510
XETA,11426
ESI,81128
VRTS,80055
DYNT,31051
FAMA,35052
HYPR,60354
MSON,77282
SEMI,75554
NTLI,76799
PVCC,90820
QLGC,80266
USAI,78840
CSCO,76076
MSS,12217
DCR,81027
MFAC,51626
DPAC,10012
UCTN,77675
SVEV,77015
SVO,39589
THM,75951
GTII,39379
PENG,64152
NGA,11975
HDVS,77101
HLYW,79392
PHSE,79185
CDWC,79157
USGL,70704
SOLV,71117
DCSR,78924
PSUN,78999
FFD,79823
AMFB,75683
HOSS,42578
USAM,77687
OHB,54439
AEOS,80432
VVTV,77007
FTIL,35802
PCSN,11306
USRV,10837
LST,22728
ENCD,79962
HBCCA,80752
STRT,81278
WSVS,82887
FAH,87864
PTIS,63344
MPET,89790
TO,75272
WASH,11397
ASND,80506
PLLL,61218
TXCO,33815
DELL,11081
BV,27087
MPI,17347
GF,16109
TMR,68742
TOGA,79310
TOF,68718
ETV,53137
CCU,24046
WBPR,93105
NPIX,80652
CRSS,12155
SND,59977
NRMI,79511
GSBC,75906
MKCO,47029
CELL,80439
SDI,41750
EFSB,11497
DAHL,28282
CGCO,57656
WSBK,93060
DMK,70148
TNI,68603
SQAI,72291
IFNY,80634
ERO,31683
GDT,81126
ABCC,91783
INF,10343
MITY,80460
SJNB,91601
BCRX,80306
EVSI,79381
SAV,42198
PIX,49568
YOCM,11805
MEDI,76656
QUST,89325
AROS,10875
HZB,61751
KRA,61970
GRIN,79836
ARSD,14761
DEER,11232
HRT,32571
BGI,17807
EMC,10147
GBY,50657
SFM,60708
TTRR,78100
SMLS,69220
CADE,20547
FSTC,10130
CTZN,77273
RSFC,91441
SEL,36417
EYE,75056
WRC,38885
NAVR,80001
CIDN,26295
MSFT,10107
INSO,80334
BBY,85914
CHN,59854
UFS,81090
KTEL,56557
SPO,47853
ROF,23624
NYB,11911
LASE,77230
ABCW,77783
STB,76060
MATW,80759
SLR,75857
DGIC,11748
MSIX,54341
OPTT,11539
CK,15712
WHO,11366
HFFC,77507
NYCOA,76552
TMC,81193
FCIT,10957
HARB,80130
HIPC,41874
OVT,39394
FFRV,11078
MRX,76391
PRK,76266
ATCS,10011
ACL,28695
QUIP,10586
NPT,65381
HHOT,40476
GDI,80446
PDKL,76410
TRFI,10242
MCRS,53480
TPC,76634
SPRH,72013
APCC,11970
STRS,77790
TSS,76639
MDCL,79176
JKHY,88664
KWN,52847
GTNR,75714
CEFT,26332
CSFC,23836
CGF,79435
VKNG,76104
LNCR,77421
GTW,79973
TNI,69040
GTAX,81156
TAYD,74740
BRAN,19079
UHOS,77670
MVBI,79406
ABRX,80499
MTO,12224
CH,61727
EDUC,31668
CSTR,28661
EASI,87581
HFET,10754
WFDS,77523
VER,53997
SCA,73753
ELD,31852
TRBO,80482
MTRO,53226
RSLA,10546
AFP,57349
SANF,91695
DEN,42526
ANBC,76877
BANC,15617
CAMP,20670
TMBS,76268
PDCO,78034
CAN,37815
BNF,10995
QCHI,79731
FFBA,77779
ACS,80913
COX,81188
JBL,79094
TTI,37225
CFCP,77433
ISLH,45402
CATA,21291
BIV,54033
TFS,76448
NETN,76400
KIDE,10092
ALS,17304
BGL,75233
DV,76708
DWL,77929
SANM,79108
LOJN,89659
CENF,77024
HOMF,11866
KDI,63650
ALO,61268
HANS,88031
MPH,20095
MRCC,11776
MCHP,78987
LSER,48806
RAWA,91409
ESX,31720
HML,24926
UACI,78394
CTAL,78879
PR,69075
RCF,76314
MACE,79846
ER,80388
CPTL,86925
RT,39212
DKB,12006
ABC,10233
WSMC,82465
DXK,29859
FUS,77634
AFIL,12918
GMRK,40388
DWYR,10680
MLD,43377
DVN,75390
CMD,52652
RJR,14218
MEC,76492
EWST,10001
PSY,16360
NYFX,79427
CHG,54009
IT,79698
CVX,23210
AVEC,77441
DAKT,80233
MTLC,11901
DLP,79255
ISYS,76372
BCIS,76308
DG,10559
DUK,27959
SFSL,11937
FGRP,34383
ACO,11599
TSAR,67679
XCL,11571
EIPM,31211
GGGO,92161
PICOA,62851
IBCP,88912
KSS,77606
MRD,50666
NCBC,56275
BRK,50737
WCOM,11042
CTY,10916
BMCS,11976
WEDC,45903
PBKC,11598
SMCS,76988
FSKY,36282
CFO,50649
STE,77649
NSIT,81220
TOTL,11214
NTI,77488
AMGN,14008
CFED,11991
WPI,78916
CRRS,27802
BRR,16978
VIS,16791
OMT,55642
ALGI,10488
FFLC,80122
HHS,79903
CFSB,76205
DKWD,77887
ZOLT,78062
BCP,10318
GLR,42075
TBAC,76553
AVCS,12627
ELTX,78145
CPN,57269
AADV,77431
LKK,33582
FSR,36127
TWRX,12261
HWKN,41241
DFG,76099
FSLA,77775
FBD,11502
IMSI,43298
CHK,78877
BRF,27289
ADTN,80791
BPRX,77207
HFF,50729
ESRX,77668
AAR,47650
WGNR,75110
BUTL,10362
TEKS,78214
TRK,81292
CON,30760
SNI,54981
GEB,25910
PTSI,10649
MKC,47837
LUKN,77580
SRL,40010
SUNW,10078
IPSW,79173
ED,11404
SAL,36396
LHP,86106
CLK,30568
THQI,76999
ECGC,33575
HFED,88640
TRI,37508
TFH,77200
USHC,79119
ASW,60003
SA,17291
OFG,11208
LWAY,12209
AVD,46156
SPN,36708
TLZ,80698
NBAK,56101
TED,24491
UCIT,78530
PSFT,78083
GLDR,39256
NOXL,58596
PLR,43692
PFKY,76078
NSCB,55731
CBWV,10792
PPD,63811
ISTN,80755
LORX,80827
CNXS,11411
IACI,43992
PWR,62631
WCO,49728
SBIB,78009
RMI,35203
USL,41259
ASVI,80798
ECA,31632
KHG,89360
TVGIA,79882
XQ,11215
FBNC,11285
SJW,54199
DOMZ,30411
IPL,21370
CMK,30365
CBKS,25260
GBS,25291
CNTX,11706
SHP,36986
HMGC,89077
SNV,20053
AFM,79163
SCFB,10431
CBCL,76037
LAB,67707
OFCP,80834
OCA,81172
ONBK,11558
VCR,11819
CZ,19027
ELCN,31836
RBPAA,11750
LLSL,10983
SECB,69762
MMZ,10801
BERK,17770
TCA,75445
FCLR,35378
SWBS,76756
WRS,75196
LNT,58819
POM,23501
BUE,29970
FBP,11018
SBI,22998
LKS,40053
SUBI,79113
BRW,47677
RCH,65761
PHC,77526
MEDQ,77575
NETA,77976
TGL,80284
PLT,80185
PAYX,61621
TE,37161
LTWO,81008
AIT,65859
SPOR,80479
FAJ,10628
CVB,20395
ESCI,31422
FSBI,11506
PNU,35430
OGE,24440
AWK,23544
SFD,70923
CBH,86845
AND,29073
SEWY,69682
SAVO,12253
ATK,76477
PLX,63240
NATI,81501
CEG,24221
ORU,27385
PBK,63590
CTSC,76908
MCOR,10121
WXS,79532
HAMP,77685
SGA,57947
TBDI,79873
HAHN,78826
KU,40213
WEC,23536
SFSW,76443
TRST,77519
NI,38762
NBR,29102
MBNY,52872
SMS,56979
UTP,24424
MDU,23835
AK,10123
WGL,21231
SGP,25013
KP,12199
OKSB,80007
REXI,66617
METS,90107
CPL,23114
WPI,22218
IUTL,45947
CPWR,78139
VR,61698
BRO,63467
OFC,42008
SO,18411
PE,21776
SWS,38869
FDEF,79382
AYL,22277
BLS,65883
DEI,59395
ROP,77338
FCTR,11389
FRSH,10847
TDAY,10730
D,64936
MME,28097
PSC,52898
RELY,80496
GBCI,87952
CLU,11295
OTR,77275
COT,11332
BKH,61946
AEE,24985
LCE,80775
FFKT,10913
LNSB,10106
SG,79526
FPC,22496
MCRI,79507
KWIC,77838
GRAN,16644
COX,40854
MSBC,62923
FPL,24205
BPOP,16505
CNIT,77835
MCK,81061
FITB,34746
CMD,63933
SECD,76197
WHI,59838
NVH,79613
ATTC,15820
UPEN,79709
TCBK,79116
SGNL,11225
BRK,17778
NOR,58406
STY,14592
CBM,28505
CPY,23595
ARL,44046
SAJ,24467
YBTVA,81119
DTE,11674
YFED,83898
CNE,64418
MTP,24256
CWD,11498
NSP,23931
BSE,25144
VCI,77461
SOA,36249
IOR,24352
EI,32943
STBA,77528
PICM,62843
HD,66181
SNPX,12094
EDE,23042
WTR,62295
NCE,22613
GROV,10551
YES,75950
PGS,64646
SKYF,79254
EIX,15720
PVY,35617
PCLE,81098
BEL,65875
JSB,76210
JMED,10410
VF,80064
STFC,76722
HMA,76565
IRWN,89237
SIG,24299
AMI,75477
PBCI,75856
CIP,24870
SPS,25283
CIV,24002
CNL,64557
SFP,77042
DPL,22859
MRK,22752
FFYF,79264
PAC,66026
BGSS,16185
CSR,23851
STLY,78068
GRD,48880
KGE,25523
CTG,60169
VVC,51633
NANO,90377
LLTC,10299
COF,81055
PEG,23712
NBTY,56937
CCP,28142
BRID,19271
KLT,24432
ROP,20343
ABS,50032
NRIM,76529
WMT,55976
BMTC,86124
GHB,56864
SCG,23085
MSRR,11822
LSNB,11515
IWCR,43984
ANR,24141
IBC,76745
BTH,80592
DLJ,54295
ACCC,85017
ATVI,79678
FPU,37023
NVR,79785
AFL,57904
AYE,10137
PFNC,91257
PULS,10675
GAF,41953
CER,24117
KOOL,11394
IWG,24416
HOEN,77029
UCU,26606
NEG,24096
CRN,60062
NPBC,56611
IBIS,80537
MFCB,77791
GRIF,40118
CIN,22947
V,46842
GRP,85201
MTEK,77340
MBN,10880
UXP,79118
PGN,45858
ASV,50964
DUNK,30876
SWWC,71782
MZ,12976
OAR,56733
HNBC,10638
WSC,38906
BRY,17953
GLBL,78889
ENGH,33014
EQNX,79085
ENA,25208
DW,87426
DQE,25072
PNY,49971
WWY,15472
TCAM,81110
OLDB,12068
AVRT,81141
KR,16678
CGF,41232
WPS,25099
MPL,24248
FSFI,11831
CXP,80415
MEE,52636
HSY,16600
MHMY,80142
HSR,80393
BFOH,79073
REI,21792
FSA,80596
BRBK,19191
DBHI,41815
ASBK,76730
TFB,28548
SUMX,55160
SYI,79013
FSCC,11720
FAST,11618
PVSA,75550
MSEX,53859
CYE,86597
BKC,12504
VYBN,80021
PIE,60564
OI,13661
BNK,86255
FIZ,76839
SBC,66093
BTX,77393
FMBC,35909
FTFC,75851
HERS,10757
TR,14816
CYT,80079
ETW,32281
ACMTA,11647
EGN,26470
EPG,77481
CBO,12044
DEP,29488
MERQ,79718
AWR,71475
ASGN,77917
PTEN,79857
IPW,24723
KO,11308
CDB,64899
TSRI,74500
AMZ,13283
LXU,10658
OTTR,60098
BGC,58202
BET,38471
NHHC,34228
GNK,79268
WSBC,11293
RXH,53874
SUO,14357
CULL,27896
REX,58836
SLE,22840
PFE,21936
WIND,79121
CC,47175
CGAS,49032
PFDC,11493
CVE,81057
FWRD,79841
SWY,76149
OCGT,58748
TRMK,35263
NES,23499
UNSA,11207
STFR,79309
TNP,30728
FCHT,10968
FIR,18569
QCSB,79859
MIV,56944
KEYC,10020
USLD,76453
CCNC,20096
RIMG,78054
PETD,62341
BPFH,80223
KRON,77662
DII,60273
GFS,32205
OAT,24539
SRP,46017
KRSC,76520
ERTS,75828
RNI,25849
MWE,42817
HVFD,10566
HRD,59301
ABL,39482
ORCL,10104
SOLR,14737
NJR,64450
UCI,10085
CTWS,26463
MNC,79607
LMR,40766
BUD,59184
TXU,24563
PSD,25443
SMTS,76990
WMCO,76013
CYBX,78881
HOLL,79802
URI,58130
ADVG,25049
BWL,60898
CMBK,11327
SKYW,10421
MLL,27027
BCO,38527
MIAM,53720
LNN,12211
IROQ,10009
CAG,56274
BCNJ,11566
MFLR,11839
CFA,23035
GRI,32352
FCX,75294
AHL,59643
UTI,80104
CGL,56602
CERB,22382
FFBC,35685
CPB,25320
EMMS,80297
LMED,50359
PNW,27991
RHEM,91492
SSIA,73016
RARB,11322
PCG,13688
RHI,52230
SQB,45604
FFFG,12164
NABI,57913
NOR,64055
SMTC,50948
LGE,23827
HRI,33988
WLA,24678
PPL,22517
CTCO,25348
FMBN,77378
KSE,10823
IMAT,43749
BKCO,76105
CHG,22437
UCAR,78503
RFED,11045
FON,39087
PGR,64390
ALII,75836
NFG,25590
IES,26585
FHRI,79490
AHP,15667
AEP,24109
RBNC,11634
UCT,63802
LIFE,49534
CEC,75432
COMR,24935
SLFC,11938
RDK,54818
ENEX,32804
FSH,77150
IDA,21928
ATG,15553
WEG,81569
CECX,54245
ABGA,11186
BSYS,77426
CGX,80621
MAIR,53082
CFGI,76050
PFGI,64515
EAGL,77784
ELB,31879
CATY,76504
PPW,42833
HCC,78033
PMB,48194
EMPI,32417
HACH,40628
FCP,34121
AT,41443
RMCF,10044
COV,68355
PMRP,77990
ACTN,79069
UFX,78079
OMD,34905
UBSI,11369
NU,44206
HNZ,23077
CBSS,22032
ALBK,77493
SNG,55204
CDU,45997
TCNJ,77490
EUA,44599
ATE,24301
NGNA,57171
UIL,53663
CEQ,38922
CINF,23473
FPI,54500
VISX,12265
CLR,30584
PROP,64291
UST,15077
THFF,77379
SYY,52038
MDB,76422
CGC,56952
WIC,61882
VASO,12171
MGC,50163
CRVL,76721
HE,41187
NBTB,77415
GEC,62236
TELU,34287
FHCC,11371
FBIC,36549
WAVR,81737
INBF,43976
RYFL,10170
FISV,10696
CLACB,24687
CBCI,77350
KJI,67627
NWNG,58334
PDEX,10550
NYN,66018
DUR,76635
BTZ,78948
AVA,24969
NCBE,77181
JWC,40301
SCP,36257
JW,82924
FITC,87840
FBRC,34017
SGA,79033
PSDI,80469
SRCE,36346
LINB,49606
SCM,20474
CTP,42710
SAFE,11138
KMB,17750
MFC,68574
CTC,39335
UHAL,81073
NEGX,17946
EE,31712
HMN,77120
BMY,19393
MCG,40782
GRN,62252
FELE,37568
SHR,77075
AFWY,75483
XRAY,11600
LP,41195
UCM,20853
GQ,21274
FBAN,10629
TNW,18200
GTE,21004
UCMP,11956
OMK,44687
SLMAJ,12092
GIS,17144
PIHC,80353
HMNF,80633
CL,18729
ARM,27270
VIAS,81519
MDT,60097
WR,24053
BMET,18092
ALNT,49729
FRST,36602
FCF,77643
SCRP,69519
MDSN,50789
JET,33267
CBR,80316
MKL,10933
VAL,37807
LG,12781
DMCB,10969
GMAI,79167
CPQ,68347
NLG,61444
INTG,55678
BOOL,18754
CBMD,80737
MCD,43449
SCBC,88023
ADLA,10564
SRP,38658
APCO,12126
QUIZ,80268
BOA,80593
GOSHB,90740
HFIN,10839
LUK,20415
PDE,12074
JOR,27377
HDI,70033
BFCI,77478
ARO,27502
XOM,11850
LSCC,75854
JNC,77608
PNT,38340
NNBR,80343
GNTX,38659
SS,61030
KGR,64602
UNTD,88050
ESOL,79486
FE,23026
ATO,32986
NCG,58043
JNJ,22111
KHLR,46958
RCAP,44863
ALTR,75577
EGY,77820
USW,66122
MM,19043
PAY,77372
DGAS,29285
PEBO,78903
BUR,20677
FFPC,10799
DCPI,11005
SFE,46340
SUBK,75509
JPS,59790
MTB,51610
DAPN,28979
SFX,66069
MOTR,55336
SOTR,71686
PROA,63547
BGEN,11983
BMRA,55862
CWT,20750
PHP,70949
RCA,14090
CTL,60599
DRTK,75491
GSBK,11269
MAX,64004
NTRS,58246
ALC,78977
MAP,33937
STR,27756
PION,63061
SCI,25611
CPK,23182
UTLX,11853
ASBC,15318
CBC,76497
ETC,33188
CNBKA,11348
DLI,45110
K,26825
FBAC,35960
G,16424
MSA,54253
DRY,43385
INTV,89181
FIIA,78511
AN,19553
ABZ,48004
TC,44812
SUG,76091
WEYS,38033
ENRGB,29197
MO,13901
SFY,66739
PTG,68233
SGY,79444
AMCV,77389
TMP,10308
HRL,32870
PNF,35182
HLND,11883
PSO,45823
CEBC,10961
JP,48485
NWIR,80348
ESBF,76202
MIH,45612
ATVC,10213
JSBK,10774
SODA,11307
NADX,80000
UTL,67360
PFFS,60688
ATR,79133
SOFN,43617
FMCO,12165
FGE,58587
GNA,10822
MBIA,79714
HIA,39669
GPU,22541
BNKS,78845
ADT,49269
TWA,64821
WIN,24803
SHG,26833
RVEE,75563
FRS,57330
ITHB,11022
UWR,16117
CLG,24679
SK,52089
VNO,28388
LGS,33806
SEN,71395
MGR,50885
CRC,77521
PG,18163
UB,20694
FAMF,35116
CUBN,11476
ISI,46236
GMW,66923
CTBI,11844
MGT,58907
PEBK,90983
AMES,78120
ENSI,54624
GPS,59010
UHCO,79477
KDE,33363
CONW,26711
FDS,18550
CFBS,22075
MMC,45751
WAG,19502
FOOT,75616
DAY,22699
HGC,48135
ABI,41444
SHC,11141
PAY,54949
RGS,24379
WMD,75388
MAFB,75925
SFZ,46543
WB,50200
SCSC,80362
WTNY,77053
ILFC,45197
ILCO,44725
VLY,80072
ROCM,76980
ABT,20482
TMK,62308
HAIN,80167
LECT,10966
FTEC,75740
WFSL,81577
ANE,10977
MTSI,77710
JWT,49779
FOTO,10235
Y,71271
T,10401
MCK,25646
F,25785
CNC,86976
MLI,76573
TCAT,74230
IFSL,11066
FRO,26737
LRE,78039
KMI,51596
HPBC,12031
CHFC,11992
PLE,10974
BARZ,77204
TX,14736
SJS,57963
AB,11139
PON,53102
ILN,23720
CCTX,79521
BKCT,10449
VIV,81147
OK,59345
GAN,32096
ENE,23317
CRA,75518
CRL,52003
JBNK,46413
RPR,39570
OSTE,76710
BJ,48610
STU,78804
COLB,77679
MNTL,51351
PEP,13856
MCOM,77572
TSN,77730
ASTE,10382
RGBK,35044
RS,80864
FLO,49031
LBY,79336
BIGO,92508
PXR,75083
ALL,17224
ALFA,34498
EIC,33321
EFX,52476
PEBW,10697
FCE,65584
MTB,35554
FWNC,88130
BNKW,10581
QCBC,80025
AOC,61735
MIDS,10246
ASBI,11131
DF,63554
EML,31480
TASA,77677
KSE,24360
RELV,79065
FLX,44193
PRC,40176
JASN,11425
CLX,46578
GKSRA,37955
PL,64486
CDD,21290
HBHC,76684
CAB,37348
VIR,59627
OXHP,76779
SEB,36281
BBT,71563
TEJ,75473
GOOD,39432
FFM,35706
BXS,85789
VMC,15202
FTN,36397
FRX,45241
GNR,65920
GCS,39731
LDR,37217
RRT,54674
PNB,77636
RGA,79210
HAVN,79592
HAS,52978
GAS,48274
RXSD,79305
UC,51983
BFSI,10457
ALX,49330
RAIL,78065
UFN,10788
BEEF,64996
COFD,24540
SFI,68938
SUBBA,10481
DFCO,78753
MAXC,51933
IVX,75228
WEI,63626
FRME,75605
SMCR,92145
SEE,61049
EOG,75825
SEC,80039
MDYN,78895
SJI,26614
HC,27879
TRNS,76946
CNG,21821
CHD,23393
CV,63503
CCB,30330
ZION,84129
CPBI,11628
SWPA,91970
GRI,55589
GBUR,77671
CRY,78876
INC,46199
COOP,76904
ASO,62770
XRIT,10163
MGMA,50877
ECCS,79260
CHCS,78963
CTB,27430
CPU,77179
TGX,10644
ORLY,79103
CB,59192
PII,42884
OMEF,77504
GMP,63976
WCII,76979
BANQ,19909
MCU,11184
BIC,54164
ATI,80094
MGRC,89915
FSR,53209
TWH,78210
GIB,38974
UFC,59619
RGC,57146
STSA,11056
RKY,59248
RAL,28353
BRD,52097
TOPP,11353
LUSA,77618
VALY,82182
APC,70332
AMRC,13646
BNY,44257
INTU,78975
WEST,55117
SFSI,73577
NUI,64290
SCH,75186
LFG,77018
PGL,13821
INTF,44776
NE,90537
BHW,22322
STUS,73171
ECP,75808
FTR,21522
TFD,42462
WTM,68419
PET,16870
ZOLL,77787
RFH,11928
AVL,85682
BBBY,77659
MEGO,76526
EMH,58843
MD,26729
MME,76177
PARL,11137
PMFG,61787
PMK,64071
SNL,18796
TNZ,47183
HAML,40871
CVAL,11216
CGE,21638
PHB,63096
SKAN,10309
MGR,20263
BOR,17590
ETR,24010
KCH,40459
WW,82502
ROSE,79304
RHT,35916
AUD,44644
TRR,57234
BSBN,85922
BMP,16460
SIA,23034
PAM,76286
HU,65939
WOD,60855
ALET,10407
EWB,79207
LNBC,49403
SCNC,71328
ZLC,79672
MTZ,19880
SJM,42585
IBP,75227
ACV,42083
BFO,10989
LDL,59774
ELXS,12010
R,14912
CNCR,21945
SIRI,80924
FFHC,35693
ZAL,38287
TRBS,80369
INTL,44637
ASZ,42905
AIG,66800
MEC,11170
CASY,21742
MII,75647
MOB,15966
RMED,66553
NMK,24184
GNN,25160
CG,11340
PTA,11713
AGS,66755
PLEN,63395
ESB,66544
WSB,12106
BTFC,85703
SGL,37065
CRK,25478
CDI,45655
CBS,20730
FSNM,79828
SVRN,10562
CRR,71765
MUEL,55467
MCN,75298
NATR,56945
CMCSA,25022
AAON,76868
GLFD,80629
MFSL,11377
ATCM,10570
IPG,53065
FNM,51043
HSB,41100
PNBT,63299
HBAN,42906
HOO,77475
RGR,73219
UFCS,78693
GEMC,38907
BKSO,16716
ESP,31691
CF,10725
COM,31026
CBSH,25129
KOPN,77515
SCO,24336
NAMC,57964
WLC,46076
FCOLA,87899
SLM,66325
CHMP,78816
FMER,35167
SOPN,80155
IVBK,77223
FI,29049
PGDA,81005
NSYS,79322
ASC,44652
MODI,54704
HH,42455
PLN,40977
KCP,80679
MI,51706
BF,29938
CSTB,12137
FKFD,88154
CHV,14541
FMBK,79635
EVGN,87680
CFHC,92129
BCTI,39416
METHB,53189
SYST,74150
TBS,75198
GE,12060
MFD,47167
CUBE,80441
PINN,76417
FIL,76162
LLY,50876
GMH,68451
ILCT,43263
CMS,23229
PBNB,10596
OBCI,72611
BF,29946
MXIM,11896
WRLD,77114
SWFT,76214
ECL,70578
SPP,18032
NZYM,92225
SPC,59459
MCHN,52920
WFMI,77281
CHZ,23326
COO,52388
CATP,79075
HLY,19887
CAX,30779
ISCX,79276
SEO,36345
MINI,80254
GAI,53794
CNT,47052
GDX,59547
FNBF,37007
AVY,44601
CYAN,10661
CMA,25081
CFL,27263
HB,52716
CHLN,22569
MTC,18382
MCCAA,54616
BXM,76776
EK,11754
LMRK,12048
FULT,88197
CCB,20088
HRH,11509
HNI,42439
GBND,38333
SGC,47861
CA,25778
NFX,79915
USG,79244
MSI,48020
CAH,21371
BDL,54244
LNC,49015
SUMI,73315
PCT,38826
TLAB,75257
FO,10225
GX,52250
CPSA,22171
FOA,35204
OKE,25232
JLG,46149
HDSN,81084
INHO,43837
WFC,38703
AMBJ,85359
ALLC,79788
VRI,80699
SBIT,79189
MCCS,52258
NWL,60986
IFC,44688
AMSY,13304
PNBC,77585
BOAT,18551
PLA,76218
FDLNA,37197
SDS,10108
AJG,38093
HOC,32803
GBCB,11808
LEG,60943
DIO,44943
AXO,64848
ADCT,50906
MCRL,81162
MRBK,52840
AHS,27190
EQT,24328
SRO,36679
COP,26607
GOR,32328
CCN,21282
SPAR,71985
LOR,33785
EV,31500
GL,51836
NAC,16803
ACET,10656
CTS,28564
SLC,55351
WABC,82107
NFB,58094
UNM,71175
OKT,47394
JPM,48071
HS,75850
DHR,49680
SDG,76660
VIA,51617
AMTR,13980
WPO,53225
BRY,11478
ZING,93316
APY,40935
BPH,70914
PZZA,79299
CBCF,86685
CSCQ,80242
DVI,11159
CRED,27677
VWRX,10075
JAS,53196
UK,15659
APK,85551
MAI,76838
ATEL,11149
MCY,52936
BKNG,75901
USF,58481
ITW,56573
PIP,63730
WETT,82705
WFC,50024
MRDN,52944
DG,30382
NOVL,90609
STN,23421
ITII,81089
DEVC,29621
MBVT,90086
FCOM,35370
WRKS,31457
ARC,10604
EBSI,10149
IVC,45728
ADBE,75510
FRG,55730
FMN,33882
STUH,73147
BHY,10743
LTCH,77353
TPOA,10706
ABA,15843
FRD,58421
PAYC,61640
BK,49656
PDM,43588
RKY,44484
BGR,16599
RI,55213
ATI,10287
TRH,76219
MN,35115
AGN,75646
MAPX,76259
PNM,55511
FUNC,77889
ABKR,11241
OCLI,59767
VTX,92866
BPOP,16513
PLU,35529
CEBK,10769
ESG,62172
BNKF,16767
PBK,62085
UGI,17929
BBI,61284
BLL,57568
UVV,16555
NAUT,72710
SST,75270
BMS,43772
CKN,51676
ABIX,75721
RWY,79525
SFBM,10873
KZ,41136
IGT,45277
KRUE,48136
HA,57832
WRT,38244
MASB,10271
PWX,12248
ASPT,76165
CGNX,75654
BNBC,10598
MYE,65365
FTSC,35511
PMC,64275
MLRC,12215
PRI,65701
GEL,59870
PIN,24192
INEI,44266
WSO,66376
FMBI,35917
SCL,36898
AATI,10043
UTVI,79330
ART,29380
FBF,47159
HRB,49373
TECD,10182
TECUA,77722
ITG,61990
SEIC,68196
PTLX,61488
MRI,65672
INHL,80539
SH,36484
CMVT,10942
BIS,85842
FNCO,77845
AMLN,77264
PCO,77872
SBK,51764
IBM,12490
BREW,80736
ALAB,81071
CMCSK,11997
KWP,89392
SCOT,10821
PSNB,64689
ACCMB,15342
FOOD,82449
ABCL,77764
RFBK,11462
VDC,47810
BRL,11415
FSS,47706
BEN,37584
CYS,28143
MYR,66640
HRZB,10563
CBI,59264
CPAK,20299
PBEN,64769
PCI,32475
UMBF,78829
FSCO,36274
GSU,23405
ACCMA,15334
LGNT,30884
NDSN,57809
LE,75232
MLM,80204
TJX,40539
HCR,77063
IDBX,10739
MARQ,77108
WCI,38551
FSCR,34463
CABI,75613
PNK,42140
Y,17400
BIOW,16847
ARDNA,14868
COLL,24572
SAA,42999
HCI,64223
CYCL,77163
USS,79250
SNW,60222
SUB,51588
CFR,27888
AROW,15070
EXPD,87717
TIF,75100
H,40838
BDM,63896
GPC,46674
RAVN,62033
DEVN,10572
ICUI,77447
SDII,76781
FFBK,35722
SHV,65410
STX,14605
RBC,58771
DLCH,29226
RCII,81222
ACZ,51510
BNL,19377
BULL,19749
SFSK,79868
REBC,76830
SHRP,11278
FAF,35124
MH,48063
WCBO,76331
SDY,68670
CHD,40715
CX,69243
LUV,58683
LC,47802
DIS,26403
BWINB,10239
BLT,65154
CFCM,30517
PLNR,80012
SMF,27473
KEY,64995
CAL,79641
AEPI,10025
UPJ,26681
VALM,80128
OV,10126
SHX,54412
TSII,74481
RNB,53938
SBOS,71299
VC,75819
MCA,27086
ATMS,75706
CTAS,23660
BCR,46877
LTR,26710
INTC,59328
MPML,11728
WTSLA,76217
CFBX,76789
RLR,58393
AGI,68814
UI,54420
ACXM,20117
CACOA,11267
EGFC,11064
DOV,25953
SEI,91804
CORS,67046
MYL,69550
NPCI,56630
SWX,61188
BR,75333
SYNC,43334
SRD,21450
ADPT,10353
FVB,52265
ROW,67732
AUTR,15975
SOCS,70966
WSO,46068
APR,46527
MYO,34366
SVM,71116
STRD,80378
FDO,53866
MOH,22760
LSTR,78981
DIYS,81201
SCNYB,79204
MRL,75660
VUL,45348
MMM,22592
NAIG,75551
PRY,36783
SKII,91636
GME,66931
USTR,79303
SDLI,81509
URGI,77403
AMBI,10994
BSX,77605
ESC,69358
ICN,68340
ETH,79037
ATRO,15457
NCC,56232
MOSI,55256
TECN,74828
ALO,65832
ABCB,80498
PRGS,76752
LXBK,89440
SYB,77579
LTC,43318
CNW,38420
MAB,53832
FCN,56450
RMCI,10876
FFB,52505
LANC,48523
NG,20570
CBOT,10010
FWBI,75626
SAFC,59440
ROK,18948
PNTC,61031
PHSYB,77712
WBR,61225
BBTF,19052
TTT,75099
RDS,41662
HNG,46391
UBMT,10682
TODDA,11198
USBC,78968
CHP,71685
REXL,75606
CCPT,26316
EPII,75729
DOCP,10814
PLAY,10857
USTC,79274
PSM,22234
GII,39670
NKE,57665
ASM,77705
WMK,42059
DCA,51449
TGIC,79740
CTZ,23705
HII,77219
NBB,75237
HX,67942
SLTG,72945
TMB,66333
TBC,42219
BKLY,17743
KSTN,89341
SSET,77247
ALLC,11878
SKB,26390
FRTH,37461
GON,79144
LDG,53612
WL,83030
HICI,84196
FFMY,35482
TGT,49154
MHP,17478
TECUB,74932
DDS,49429
SNY,76158
TMED,77332
NGC,69585
DUCO,30913
ABW,19764
CTR,31341
OSL,34913
ETRC,77676
HERBA,11490
DOTX,30577
POS,77472
ANIK,79150
GTCH,40222
MLAN,48901
FLFC,49331
CLN,39140
MIKL,11291
MTX,78015
SCNYA,43028
PBI,24459
PMI,71001
NSBK,10157
FFES,11449
DRAI,77757
UTH,75193
ITC,22920
LJPC,80640
EBP,75832
MPS,80797
GPT,80127
MTG,76804
TRCI,92399
SABI,37277
ANX,57920
NCBM,56216
TBS,75191
TRB,65787
DORL,12169
WGR,75888
SBUX,77702
GWCC,88242
RDN,78038
NCR,19537
TYC,45356
FDLNB,37189
TANT,75460
SAI,33312
GRO,32440
AMFI,10304
AMV,13216
RCI,26577
NCBR,56291
VIKG,80814
ASAI,15684
FOBB,88015
IFF,40272
FCL,77699
PROS,10286
GD,12052
TRNT,76962
CAS,30402
XLO,20909
CNS,67467
ALR,11923
RTE,49517
RML,47490
SRV,51625
BTWS,77599
ANEN,14227
QCOM,77178
DETC,29560
DON,75288
ABCO,80431
INCC,77222
NEI,52687
DXT,30307
OGIL,59097
SBCFA,69586
FTHR,80932
NOL,54586
GDS,32256
TDD,48573
NPH,13557
VON,22074
FSM,47036
NOEL,77296
CHY,68320
WM,81593
LEIX,10984
OCAS,59126
AMCE,10100
JSTN,46870
WNC,37911
BHC,75945
FFPB,79583
BOKF,76892
NSBA,90473
ILNK,78988
HBENB,42228
BANF,79072
CFB,60601
CODA,22681
ALEX,11691
ABM,47730
ABI,12539
LEE,50286
PENX,62042
FAY,58405
LEV,47335
CESH,76510
NWA,21485
MDBK,10122
TIX,62105
INR,16053
BGG,17961
MDA,43668
HVU,27609
TCRD,75118
BKR,52484
VRE,62471
PATK,61496
HIL,76094
EAT,23297
APFC,85439
HRA,32600
PHL,42753
BOC,75330
FFIN,79824
COL,76171
TKLC,10272
CVC,68857
RLI,65294
MOR,68582
KARE,79710
MOCO,54675
UER,57744
FPX,11854
FGHC,11095
KCLI,47088
BAX,27887
CAL,79640
PBNK,12246
PVA,61955
KEG,63079
FTU,36469
BBSI,79249
MTL,52821
BN,16571
SUR,11406
CJER,22083
RACE,77979
FORE,80526
HZ,28054
CF,79354
EDEL,80973
SNT,21514
BEC,75383
EVER,33647
OMG,79724
QTEC,65091
ACY,23341
SMMT,73411
FBCI,79964
DD,11703
AXP,59176
ALC,85033
CFX,11120
FULL,37875
DMBK,30430
PVN,53081
PKY,12072
CDSI,25823
DURA,77325
HUB,32934
SIAL,70536
FBN,77855
PNC,60442
AIND,15035
GFH,52759
MILL,54173
C,11260
CHFD,22809
JOL,75071
BOHM,18623
ANLY,14219
AFP,55546
HI,20124
TVL,79629
CSBI,76055
OMC,30681
CYH,76578
LABS,19968
NWTL,58369
SNKI,44345
ARH,17240
SCHL,77354
INPH,45560
SIGI,68292
NOC,24766
MOIL,52039
ALW,82983
MKC,52090
LIQB,49817
CRW,59256
SEH,72005
HMF,32619
BTL,17815
CCK,17726
CACH,20504
PEL,22082
HWKB,41233
PNT,62010
HSC,25304
MAY,13100
NVB,90385
CSS,67838
VBND,80451
GGO,11849
TUR,54287
PMSI,20459
STI,68144
KNK,78830
CNB,24628
CACI,20512
MAN,75285
PHX,70957
EMR,22103
RSCR,78197
TNO,41726
TAN,15560
NSI,22066
GRC,53604
GOG,76258
SCY,70958
MEI,12933
PLA,53815
MSI,61997
MGM,61794
AGC,48397
CZN,23887
WSM,83011
NLCS,56339
UBSC,79020
BNHB,85746
RBD,26884
MNR,59926
DYA,31464
HFMD,42201
RSR,75359
SHFL,78200
CHRZ,26252
RA,14197
MAIL,75500
TFT,78077
ORI,59396
CDN,11403
GRT,65605
MDP,42796
SXI,43481
MG,79404
SYB,17822
BWE,35781
SFN,40723
NRC,90369
ZQK,75527
THT,77984
VAC,58050
PTII,78113
CYN,23916
FLAG,10926
RNT,78049
ARG,70308
MBI,75175
SMRT,77530
IHK,11874
KV,46950
LUND,11796
TDS,63773
GWW,52695
TUES,10094
AXF,77815
PBKS,11823
BINC,18148
SVU,44951
BOH,16548
TET,27940
FOSL,79089
FCY,52812
KPI,53495
KRB,76557
WOR,65269
LFUS,77918
ARGX,77210
MNTG,78147
TAC,58704
JCP,18403
TUSC,12099
KPTL,11779
POBS,11921
CCA,10716
BJS,76240
BLC,65509
FFTN,10690
CTYA,10048
COST,87055
ANTC,79564
TCOMA,75030
QTRN,80470
AVE,50446
OHBC,59118
FMLY,10834
BLVD,10651
ITM,64987
CBL,30912
INBC,43800
VERA,90310
BIPL,11057
FARM,34367
FRN,64215
HALL,80129
FHPC,10451
KEM,78001
CAU,10042
CVS,17005
UTOG,79410
TECH,75694
TNL,44513
AIS,64864
CFER,10965
RES,66683
LESL,76621
WN,51254
UNBJ,78837
CKCP,28071
THI,10545
CYL,20589
AMOS,14091
FRC,10623
WRNB,10467
ACHI,80062
MGG,11891
WDFC,81294
DLX,61743
IMCO,10667
GLDC,39328
KNAP,47969
CJN,62818
PTCM,60792
NEOG,75976
MMED,12058
GCI,47941
EBF,47511
SESI,77763
CLHB,11809
PPG,22509
CCHIA,25137
ROPK,67564
BOTX,38827
HVT,10294
BDX,39642
SHS,38949
PBY,35238
BOSA,10935
PMRY,77502
SPEK,91994
KTCO,10749
SSSS,72961
SIVB,11786
SCA,36409
NMRR,55854
FFCH,35503
EGLO,76041
CDP,26586
GGC,75222
OVON,10889
OUTL,76623
CDB,69796
FLMK,80624
NER,66659
SFB,72688
UCL,14891
MLR,18673
EXC,66149
TA,19051
LAT,45460
SCK,76574
GTY,62367
CO,79670
JOY,21557
HTN,44986
HLD,11663
UAL,19596
ULTE,79742
LSI,26489
GGG,39571
FWO,56397
CSC,40125
SG,64485
CRD,76274
PWB,60821
RBN,67193
INSMA,11035
FPNJ,36250
TCM,75593
LYTS,89456
VFC,43553
STT,72726
USAK,77425
LIT,26294
RGIS,76711
STLG,10266
CHIR,23318
LIBHA,89587
CNA,47626
WC,37954
UNH,92655
RXC,64178
CEM,30736
FBR,75880
KES,19975
SCX,18438
MYG,13119
FMSB,88007
MSM,40731
MDST,52696
IIN,12570
AETC,76691
GNE,38280
EMAK,80239
AVDO,77088
AMW,85527
SOV,71889
DNB,48506
PRE,40571
OSSI,76702
TEC,25217
OXM,34948
PHLY,79617
RDM,11929
WAK,45137
FUSA,80818
CGP,38893
UBAN,92807
MRC,48805
FCBK,80937
REV,25988
BN,16890
TPY,76340
TLB,79922
APH,77118
ANAT,13507
TRE,75382
I,26550
SKS,11382
FACT,87856
SSC,20693
SIGN,10214
FTR,10753
ML,20562
MKY,59061
PRY,75946
CCBT,86351
MNCO,53402
MMS,34438
MOTO,55328
CTCOB,10195
SDIX,79689
TWX,40483
PIR,51692
SON,71176
LGN,59360
FISB,35829
C,70519
ZBRA,76795
DBD,40440
FNF,71909
HARS,80131
FHP,54754
DSBC,87250
AZO,76605
FOM,37226
TCB,10375
CW,18091
QKTN,80026
UFR,78095
SYK,73139
RTST,77040
UNO,75103
NMSB,10056
SHLM,69199
P,13928
CRD,27618
MCCAB,54608
HOW,32926
CRFT,76336
FCNCA,10777
PSG,42112
ENZN,33137
WKW,60011
AVNR,76383
SATC,78073
GREY,40097
ABP,56119
WSTF,93092
DXR,29058
GDMK,88381
ATLI,11000
USAC,77593
XSYS,77831
PFIN,44230
ROYL,81103
IOM,45891
MLHR,54114
BHAG,10828
MEL,59379
FIC,11533
FRE,75789
SNR,37022
ZENL,69155
HLP,79700
CVR,30509
PHSY,90879
AZPN,80957
NPK,34497
JNY,76638
INVS,10959
EESI,11591
AMN,50091
MHT,13012
UAP,37575
DSPG,80236
TCOMB,75038
ISH,45437
LQI,58624
SUSQ,73809
NYT,47466
TCCO,74836
TQNT,80049
SHC,59985
APLX,81137
ALL,79323
TATE,15246
SYLN,76264
UNAM,77973
OEA,53639
MBB,77884
LNCE,48531
BAC,59408
AMEP,76298
CTK,25612
PNR,62034
DFS,79328
VVI,19721
ESQS,79162
EROX,78822
ITG,46392
OSI,59601
AGII,10843
SEVN,75488
TM,62754
USLM,65700
FCT,58851
IBC,44265
SQD,20079
SAFM,11343
IV,67328
AFC,66798
SHW,36468
ISLE,77897
SPLS,75489
MCCL,52071
CDV,69286
JC,53567
UTCI,77964
VAT,34040
GM,12079
IWBK,76733
JEFF,79865
LGL,33849
EATS,10571
NRT,39300
LKI,61145
AST,10372
ASGR,77087
ESY,43342
SUP,52396
VICR,76128
SCY,81048
VFFC,80953
IMC,53129
NTSC,56777
DSL,54279
ANLT,10881
TRY,19828
BBC,42438
GIC,77644
MARN,78986
CCI,47079
GLW,22293
CMB,47896
LOW,61399
IMP,43706
BTSB,86020
NEV,76238
NWLIA,56822
CAR,26374
DRAM,63546
PCAI,60346
UVX,47917
PBKB,10780
PLXS,10032
GII,49197
TRNI,76807
ROL,36003
FMY,76563
MRO,15069
BDG,55781
PLIT,62384
ACRO,81237
PKE,35107
QUIX,65163
BEZ,58755
CNV,15923
NTM,10415
JEC,52329
CHCO,11442
ESE,76478
VSEC,79864
LTEK,10713
ARI,10358
CNMD,11547
CZN,23879
AD,10657
RAH,41937
CAFC,10825
CDV,69294
ELK,44185
USPH,77629
FNGB,36178
CRG,49496
AFC,66771
CHEZ,76900
IN,77307
RGLD,67847
MHR,79910
ELRC,32046
CRT,11105
HRMN,68102
GLT,57154
PARC,61242
DGTC,29210
HMK,78032
SA,75244
ZNT,84073
DP,29752
CEMX,10456
PSRC,79414
MSA,45065
FLA,27748
KWR,64929
XLNX,76201
AA,24643
FRK,56784
ONE,65138
FNBR,10603
FFFL,80121
HMO,56312
ALG,78950
PNN,44353
CDT,79808
AFCX,79934
UNIT,76136
SCOM,10633
VHI,45225
PX,77768
DSCC,28848
STIZ,11183
WCLX,76664
CLCI,85570
MNI,75261
ABIO,79365
IFMX,10691
UTMD,79776
CBNH,10231
SWV,50921
RXL,47108
KIDD,47707
PTNX,64195
PHCC,63889
COS,21258
GSBI,10588
RSC,68830
LOC,59352
VRA,80929
BJICA,85893
FDX,60628
CAE,21726
BNI,50227
ES,18251
BETS,49286
ETN,11762
FMC,19166
JII,53268
WIX,82801
ASV,76774
EMLX,32540
ABI,66229
FLS,43246
HAMS,12086
BRNO,19589
VGC,59141
AMSR,62747
CAV,75216
USB,66157
SK,65066
MSII,52557
WPM,41427
BBNK,17196
ARBR,10199
AZE,50120
HUB,32942
RYK,62682
USH,46594
CHTT,22905
TW,17277
KTM,75402
MEM,43887
OLCC,64582
BAC,58827
MAXE,51984
EHI,75467
WBST,10932
CMDL,25073
NCS,77501
NWSB,81095
STTX,92073
FORB,37322
EFU,26075
SGTI,76174
,81191
EFII,77971
UCE,49111
KAP,36695
GFB,32037
BFI,53786
SSP,11936
CRK,11644
STJ,68591
HON,10145
HII,88605
SCT,75482
WSFS,10892
MANA,10709
UTD,12100
DYR,28644
WMB,38156
SPCH,78082
ATH,47140
PALM,90887
BES,58018
BOL,26518
COSI,78818
RAI,56848
ASAA,10418
CGE,10803
RPM,65307
USFC,77339
PRY,35393
SPD,36775
INTK,11596
CKC,80713
CLG,60417
MSTR,77534
LMT,21178
GVA,76135
NWSS,79101
NLN,70893
SYBS,76792
MDCI,10507
PCP,63830
WEN,63060
OMI,60186
SRR,27764
CCE,70500
MXM,34067
PA,10241
NWAC,80345
IO,76613
MOVA,79611
APW,11581
APBI,11211
ORTL,81003
SFD,75602
SECR,85236
REHB,52469
HELX,41487
BLM,78957
PLP,68072
JM,90100
BBR,19992
MEG,50972
AET,46850
ALRN,12205
WCAT,82828
PDAS,90799
FNNG,35020
MCC,19289
HUN,62287
BFX,19677
CFB,86861
STL,27254
IU,24045
FCE,31974
ATSI,76367
LZB,48347
BD,80846
LUCY,79845
MMGR,75608
MCIC,50404
TXT,23579
FFOM,35474
ADIA,85113
PBCT,12073
ARRO,77667
TGN,80789
TFX,44329
SPSS,79528
RAGS,76687
MWBX,10755
GUL,32504
XTR,41072
DIG,27350
LOYC,10941
DTLN,11072
REFR,10463
MND,77719
INDHK,43888
AMWD,10501
JH,50905
THK,50497
LLX,33814
DSCP,28840
GNT,67571
ANGN,75580
ACAT,76207
RIT,80786
RTN,24942
USC,79021
MAM,63677
DOW,20626
FG,50956
FWES,41021
CGG,11164
ALK,28804
CCAM,21785
FBO,25371
KDN,47205
CAUT,25743
RGB,47423
FRA,79713
NSC,64311
MK,53882
CBU,86896
PTEL,80248
HIP,50999
NFO,79097
WST,62498
FFED,11646
WALS,11660
OCOMA,11031
MAT,39538
AOG,64143
RVB,17646
SFS,54471
BTRI,85711
TCB,58093
SMP,39220
FRNT,80528
BLOCA,18455
BMG,85869
AWS,49584
VRLN,80347
SFS,76122
USR,25937
DNY,38682
UPC,78263
KRI,48960
SPV,27481
AMP,27051
WFSB,11321
BLT,55108
APII,85084
PTZ,10929
HFSF,10438
BHE,76224
NWT,21995
FA,40387
JOB,46834
AFBK,11173
LVI,17443
HCA,51561
BA,19561
TTI,10064
AES,76712
GMCC,38472
VNCP,80099
EROI,77503
FAM,35175
BMI,53110
ODWA,80006
IRDV,45381
BKST,78956
MYCO,11450
NRES,11020
OZA,44417
BT,48354
TFCE,80046
NCH,47773
RBW,33961
MOLXA,76234
RDA,76085
ROH,23990
HON,18374
SL,41320
OXGN,79516
CSLI,27431
JOS,42104
SLOT,80153
MANU,79505
SMS,70229
RC,44935
CORD,27255
FTX,62877
FSI,49875
TBL,75101
GWF,27115
NSEC,56710
CTEC,77701
MSAM,11209
HEI,32678
MARSA,51693
RTX,41996
PL,58667
DCI,61313
SPBC,11335
LINN,10344
TNM,57067
GLBC,39889
NELL,11345
MNTX,66393
BRDL,10282
ASFC,79796
MATK,79847
DFI,75615
ITCC,88939
DNEX,30147
MHC,48223
GDW,53479
TROW,10138
DMN,47829
RNT,10517
DAL,26112
DSPT,87143
AGRPA,81135
WCTV,75954
ELSE,32062
OMET,11828
JOIN,46739
XCED,10216
MUR,28345
GISH,12024
EFS,77310
MTW,51263
FLS,30940
ETCO,11661
BAR,29567
ETX,50710
OPTX,38085
AELNA,10154
BKB,51772
W,21186
CHIK,10704
CMC,30680
BAMI,17065
UD,26921
TWK,10388
FCO,49998
GSSC,10296
SMPS,70790
TNB,38578
USC,77834
HTEC,29437
BCF,67176
CMH,66878
USPN,75755
EBCP,87493
GHM,60468
LEA,80422
MSX,51800
WAK,78850
PZZI,79618
GFD,54770
THC,52337
COO,65541
AVP,40416
CRRC,27474
FNB,53858
MPR,60548
VTC,92903
MWGP,12226
TAVI,37640
PROX,80020
BOBE,18570
RAD,46922
SPC,60839
MSA,75407
NIN,78928
OXY,34833
IHNI,77525
MST,22891
MMS,10981
STEI,77045
POWL,63715
SSD,80575
RBMG,79188
VSH,57808
SHM,79124
WMX,57381
DWW,29023
BL,34649
S,14322
KYMDA,10669
LUB,64020
RYN,80210
TIC,47300
HBOC,40484
CKH,78137
VGHN,11168
HCSB,10034
TDI,59600
IGL,75259
SIDY,69244
BMHC,76796
INVX,88990
VRSA,80566
LAYN,77862
NYCO,11014
HPI,64434
SPW,55212
KSU,12650
CBBI,79031
VFSC,80531
MKS,80600
MCFE,52135
JA,77924
CPRT,80320
UBKS,78466
WCS,51932
TWBC,77041
IP,21573
WH,38973
KPH,61129
AEN,66413
DART,28522
UPK,25080
KTII,46931
MWD,69032
ITN,10999
APA,39490
ACV,69163
SWN,63765
RPIC,91425
BOCB,86167
B,39693
PAX,81097
IMNX,43610
CCR,64565
LI,49585
SBSE,77257
MTY,60142
XLDC,93220
GRH,13143
CRCC,10084
MCS,51423
BPLX,80612
ISS,18278
MAYS,27617
MAHI,54843
AAPL,14593
DMN,29867
HDG,10116
HVT,41217
TRC,57007
MVII,10527
XLGX,11202
CFI,27909
TRGL,76532
WSN,58085
VIA,75104
CSK,21960
RULE,67970
HGIC,10290
IQ,68428
HRBF,80821
CST,30525
USWI,80163
CNR,10967
BTGI,81146
OC,60660
SCTTB,45102
CPP,64880
RCB,21119
CIBC,23713
OGLE,59110
DSN,31181
LAKE,10645
KBALB,47715
NLC,41179
TRE,43983
ANN,76671
FIT,48143
LVI,52564
AMPH,13603
MORP,55125
PRBC,89712
CUO,30840
MRG,77653
FTUS,11665
SLVN,80037
AAIR,80670
COMX,86941
EFH,55175
LPAI,48312
KC,48717
FDPC,34041
PTCH,60581
CHER,23115
CSL,27334
MSEA,76074
IFLO,76371
CR,20204
PLL,35051
CMSB,80115
LAWS,48961
ITRN,45699
QSC,78051
NOIZ,11903
CAMD,10785
DLTR,81481
MWT,80423
BDY,17962
REXW,11265
DSO,22867
MSBI,11145
BTV,77061
COBE,24302
GHW,56629
AINC,13144
KMG,25769
LLB,69307
TSM,46711
OIL,61217
CNU,26965
JUNO,46843
PXT,11203
VARS,77286
EMCI,31238
ZMX,20917
LAN,89499
HUM,48653
UM,63810
COVB,77758
DCY,28186
SKFB,68065
GOT,69411
LUNR,76257
SNA,60206
LCI,79175
PRS,72514
ADM,10516
MBC,58632
AV,18606
STG,72769
APPB,78717
DBCC,34981
AHC,28484
MNPI,11339
DRCO,31070
BSH,67432
PFX,77416
MSSB,53787
TSK,26084
BLUD,88867
KNGT,80987
DAYR,77401
ACEE,63837
PMTC,75912
PGT,62340
ZIGO,84161
MAX,30082
ARV,21143
HOST,11358
INCY,79906
AMBC,12491
INDQA,45103
WHT,39757
INT,75070
STF,25216
ZIXI,75853
TW,10119
AI,60230
WLL,82959
SMI,44062
ANV,18147
AHM,56266
DJ,58990
CEC,48522
SUBN,73358
HESI,10910
SBL,73940
ECH,31536
MIGI,11187
CNY,67192
GSC,60935
FDC,77546
CI,64186
PHOC,62763
FTE,26243
PHH,60679
UNF,65306
CNTO,22016
GLYT,12022
CSAR,77967
PLM,75266
PJC,10120
FGI,66165
VCAI,77056
HTLD,10812
CLRI,25938
SFNCA,91855
AHG,76653
BOOM,33823
DWCH,77630
SKO,77077
CQB,14955
AM,13056
BRC,18973
BWS,10866
RLC,46893
WFT,32791
JCI,42534
ENC,71124
WLFI,79605
FUSN,80454
HMGN,78891
SKIP,70843
AMPI,11246
SGK,34818
STX,75422
IIVI,11752
BIG,44409
LSA,69016
EC,62834
SNS,26454
BAY,76754
SW,18198
ENW,23245
COHU,30648
TRW,18681
THN,80103
ELDC,10414
FBC,64952
NEM,21207
USEG,79039
LTD,64282
DMIF,28215
BSNX,77596
RESC,67177
ACCS,77352
RIO,67344
AGY,78867
INTR,44840
UCC,14883
KMDC,12042
NSBI,76506
PLI,89552
MFN,75480
FEBC,35423
MEA,19895
BNHN,17671
SOO,22138
SENEB,62958
CSX,62148
FCSE,79164
DEPC,28207
E,58472
TEN,26542
DUFM,30948
RESP,11927
TCNL,77047
BGRH,49438
TSTF,10257
ACF,75858
HMT,46703
NVLS,12067
MTX,59387
BMJF,85730
TUG,75077
PXXI,80358
MAPS,80252
ICAR,11879
PWN,75215
DC,10731
WOFC,80776
UTX,17830
SUN,14656
GT,16432
DESI,11379
BAL,29508
BBOX,78172
IG,43634
HWR,61890
LOTS,50156
OCQ,45313
KWD,57437
DEFI,87223
UFI,78044
CREE,78875
CMSV,80964
GBBS,11838
TSSS,80370
GRX,12087
SGI,18315
CRPB,22430
BIGB,17903
KITS,10530
TWMC,10514
PZA,11622
PKT,76131
FJA,80783
HAI,49349
BKE,77584
ESSF,11416
PFS,10724
DOUG,30622
FOE,21135
KOSS,48072
TKA,40221
COA,56741
TXI,40694
SBS,36177
FARC,34404
MTSC,50623
LUC,22373
DRI,51924
SCOR,58625
GBL,38157
MU,53613
SIER,12259
THO,76081
LVCI,76860
PSBK,61560
WON,82668
PATR,10443
APK,11861
CFIN,26682
DEX,45874
SDNA,11689
UNS,48389
CWEI,79159
ZRN,45970
WKR,44783
NC,28118
DE,19350
PNH,51123
RAC,64792
VEN,27238
RLM,18921
FD,77462
NKID,49189
MOG,42614
MLK,75462
GMT,12036
WIRE,77785
GAP,26657
DCN,11607
LNCT,76859
CBS,15368
OICO,58756
ATPX,50279
CRES,75531
SWD,10790
VITL,76265
IMKTA,11701
CZC,79035
IMR,75558
GLK,32379
CBT,46690
PCCI,80010
CHM,26622
TMS,75449
ALLA,76875
CPG,55482
SGMA,80274
NYER,77673
GNC,62244
MXC,35705
UPX,79535
KUH,59897
AFG,60687
PLC,48012
FJ,61583
HDL,39765
COOK,79373
BELFA,17444
KCS,11887
INSUA,44274
CNSO,79954
PFGC,79517
LAW,59053
ALDC,11422
STS,63159
MNRO,76750
ENUC,32030
ACC,54332
BRN,42358
ACU,60038
AOS,65402
SEC,45882
BTL,30031
CERG,22198
WTEC,93009
DISK,11873
CAT,18542
CMB,41718
RAY,18286
SWK,43350
SAB,50104
PZE,35211
BREN,19159
KCC,28433
RARE,77448
HM,12319
AMA,45217
DXC,61305
CSY,27158
CQ,41064
ACI,75326
COKE,11995
ARMR,10721
APSG,78953
FMT,37699
MRI,64637
ATW,15721
WLDN,86706
PKI,42200
RYN,52062
ACAI,79366
TPC,42518
PRD,26438
SRBC,75768
DLS,40897
NMTX,58473
GH,19174
SIF,49138
TYL,44759
NAE,29196
IR,12431
II,75035
MMPI,51677
BARE,77022
GY,20765
CD,25487
GDF,63183
MKG,12511
ISKO,89245
CIC,46658
AORGB,11851
CGN,64901
FEP,10597
PVH,13936
KEX,59045
HFI,68945
WMO,81702
WILF,83046
MPAC,11409
AMR,21020
LEVL,79503
TMC,40635
IEX,75591
FCY,37103
RSE,67708
FPA,53903
TG,75649
FPWR,10924
XLTC,77010
FIBI,10319
ROCK,79862
TLR,65090
CBI,59686
PTCO,62360
ISTR,43618
AVDL,10360
HAE,76837
MLIN,80993
MESA,11162
MERX,80553
CISI,11985
DBRN,30737
JSBA,79095
WSTR,80166
HRLY,41663
PTG,75084
LFA,63239
AMF,15763
TOY,61065
SIZZ,70835
VALU,80179
HTG,75348
ESH,39773
WLRF,12282
TOL,70228
CPCI,23537
BHI,75034
STC,72980
MUEI,75993
UNP,48725
GPI,32459
CCX,24600
SULL,76134
WHR,25419
MBG,65533
VIA,76226
BRC,57971
FST,37234
PLFC,64697
BYBI,79252
GENZ,10324
DOL,40707
BTRY,77335
SWIS,11525
TBCC,74203
HHGR,76072
APD,28222
CFCX,10569
CBRL,27562
MHK,77496
PHBK,10906
PVT,64531
FIF,77628
UFD,37612
CLE,67459
HIFS,12189
KSWS,76195
ANDW,14323
MCSY,77832
ION,57066
CKL,18446
DWSN,29050
TJCO,77463
HOMG,12193
SGM,68567
FMK,79010
ZB,17128
FORL,88111
OUSA,76969
HOF,32782
VIDE,92874
ECK,40141
HITK,77830
JOSL,46819
FMO,21338
WTHG,83601
HF,42366
FNIN,34869
PH,41355
MDIN,50577
IC,76263
DZTK,81202
NLCI,62296
PUBO,64630
UEIC,78915
BRA,11065
AEE,39116
HIB,41807
USTB,77789
LSCO,49227
WAF,50884
MED,62914
CBOCA,25153
HRZN,42535
ICN,48557
DHOM,80309
TII,45129
ODETA,67029
BIN,55044
RJF,69649
SMCC,81224
KOP,22170
WTI,10278
WTS,10606
SMU,77509
SONC,76568
TIN,66114
CHDN,79026
APZ,29612
GOTH,77293
ZAPS,87039
SYGN,10095
EZM,78031
SNDS,91687
KELYA,47379
AX,12811
JPC,51828
CHMD,77427
BC,10874
ASH,24272
MIDL,53891
BIRT,18316
DIIG,79161
AVTR,16030
EAC,31595
GULD,39483
TEX,58318
IHP,76732
NEB,57286
IAL,58608
V,75817
FLXS,36768
MARC,89755
ACK,19692
APL,65111
AVD,11144
EMP,61540
SHB,49832
ATI,43123
ENS,25056
WERN,10397
INDB,10252
SLC,57197
WTA,45292
ACN,75469
CGA,68910
CRX,58181
FLE,46295
TRDX,45647
HLT,23309
ALS,75002
TMBR,19546
CSE,80678
PNA,48370
EY,42550
LCUT,76686
M,61428
ZCO,84102
NHTB,10297
FNV,77464
HUG,66587
TGI,65744
CABL,10136
NUE,34817
JPI,46173
GPK,78117
BRCP,27722
CCUR,51829
LFB,50092
JOINA,46747
NL,13303
PMS,63483
MARY,78170
GET,77062
CHB,41419
CNF,41929
WII,61233
ARIB,15262
WLHN,83396
DYN,31456
MAXS,80549
PRKR,80019
NSSB,10854
LZ,43721
KRG,74908
LM,65330
SOC,77829
LIND,49745
WNT,57648
CHUX,76223
TLAM,48494
CDCY,30744
JOE,76123
JWN,57817
AGRPB,81136
LBC,66982
PCAR,60506
SBIG,69906
NPRO,80833
PGI,35422
REF,66078
TXO,41523
LPI,44767
KTO,29145
AZE,50112
RRC,50017
AKRN,10180
BXG,90916
ADVNB,77576
SPZE,79974
TTE,79338
CCXLA,11004
NDC,56363
OTRKB,90756
LIZ,49905
TBO,62439
FLGF,10251
OII,58975
WDHD,83433
RDGE,14154
ALU,75823
MAME,84735
GENBB,38608
FP,31915
RCM,75106
WNMLA,19722
PKS,76209
AGL,45583
SGN,36505
CHF,26841
RIB,51297
CFS,68523
QUIN,10670
VCD,76673
RBIN,76582
SII,45794
BFCS,18842
SDW,49437
OSBN,11314
MDD,65357
EMCO,32839
CROS,79684
DUCK,80971
PFSB,80762
CNSP,86511
GENI,10279
SBA,67715
OLS,64063
PEX,79728
STCIA,39045
MIND,81165
ALB,80191
THY,53401
VALN,80013
MIDC,10654
CAM,51262
SGD,69471
FRDM,79695
WATR,77191
SMAN,78912
CTCQ,22913
FAM,77550
NBL,61815
CPIA,77900
ROTC,91572
RCSB,10179
KINN,47862
HHC,75068
IK,15747
WND,83142
CUB,31077
TSCP,80839
KEM,47395
KAMNA,47002
ETA,31472
PCOR,10351
MAS,34032
AME,10460
ME,52434
MI,45022
PLFE,63977
MND,55191
RHS,77714
HP,32707
ORCO,59775
SMG,77300
LEXB,10931
SUPX,73681
BSD,68291
BVC,10238
LSBX,10205
DY,12008
LYC,53823
SWC,81173
DUR,31421
MIR,60441
IMET,44856
HOLX,76095
HLR,80504
AGIS,10386
SCSL,92153
GCHI,80933
ADVNA,92284
SQN,45524
MTLM,10531
BRLI,10659
PFCP,62245
CHW,70471
SPF,49699
WWW,42286
U,28847
MOT,22779
TEAM,11910
MIL,54181
BIKE,81074
QSII,64961
GNCMA,12173
SMO,68786
CBE,21979
DRH,31376
VPI,76272
MTLX,58772
TSNG,92591
DNA,45516
SUMC,77417
DMAR,28784
HCT,76366
ALTA,70691
AZZ,16126
CBM,11707
LFIN,49649
PLAT,76620
NUVI,90625
SFA,45671
GLE,55466
VAR,27043
GP,23915
JILL,79819
TBP,60353
SHLR,77428
PSYS,77850
GSX,12095
PWSB,10392
GRA,25005
OLN,13610
GSD,54201
STA,39263
STVI,68313
DBAS,28178
WHI,78920
NWOR,57526
MFI,62894
TRON,77367
BNO,75734
TUCK,77527
JLN,47984
CIS,48637
MK,47141
GBE,62885
Z,15456
BND,78103
ADR,48813
MNC,51781
JBHT,42877
ARCH,79760
BPMI,85754
SR,72494
NTK,49752
ADDR,11452
SBO,56434
OCR,63714
SLS,41574
LIPO,10513
PCH,49744
LB,47255
ATM,64397
FAHS,34324
WSTE,77214
SOFT,71002
OSM,60063
RUS,66050
XRX,27983
RAYM,65817
DMIC,11347
TGET,77283
SNC,41081
HCRC,77656
SUR,10702
DGP,77927
TNI,80481
KIT,50374
CZM,51414
MOLX,54827
KII,60521
MRS,41275
TLMN,10944
RMPO,65606
PKOH,61269
TMN,10404
FGL,75058
CKE,10750
HAR,75224
CDMS,20571
STRWA,73083
FCFS,76856
MNTR,52792
BFO,29591
USG,19131
DAVX,11277
CMDT,11675
LSR,78949
QEKG,65067
FESX,11574
REY,66799
AMWI,11341
BDC,27721
NAVG,10395
DCO,63132
ANDB,10230
HAL,23819
VICT,80697
MSCA,10192
ARDT,77603
PAMX,61058
CRS,20618
BFL,61591
RKT,80361
MR,64442
FOX,27860
MENS,77516
FLOW,37058
NSSX,10376
NHDI,56419
SWCB,10494
UAM,70252
ZRO,43537
UCX,62762
IFSB,88891
SVT,50243
VFED,80056
AMAT,14702
SYC,77450
TESS,80951
NAFC,56040
SNFCA,11593
ODFL,77037
CLF,27422
PAIR,79616
BOCI,78869
NOVI,24097
JBX,77453
HRC,10693
MMR,22461
HWG,54084
OG,34841
HELE,41452
EIRE,75514
IGEN,80249
GCX,79902
UIC,41371
CACC,77660
BBA,58800
IKN,48514
SBRU,73235
AEIC,61081
CUE,13354
OREM,59898
CGI,79956
J,46181
CVTY,76619
WOC,38172
WSW,16088
HGGR,78155
WOG,58739
HWL,58886
CFFS,86773
PHM,54148
ALCO,11790
IAAI,77106
APL,28636
MDEX,52346
CHE,64194
HEKN,88656
CBRYA,11614
ATSN,26009
COLC,24767
CSII,25452
MPSI,50543
PZA,61014
WALB,81382
AVTC,81142
DRM,75053
ECMV,77186
DRYR,30780
VCRE,80304
MYLX,90342
AILP,10422
CJFC,86503
PD,17806
ALW,10914
HWRD,42746
STG,36927
HWP,27828
NOLD,57780
LABK,11001
HPSC,40572
SKY,38850
CRAN,87119
CBSA,77435
BKS,79667
HPC,18016
CRI,36150
DME,10594
LOCK,79261
COG,76082
SPEC,72128
AWII,67652
VENT,55985
CMRO,24951
CKB,23106
PESC,76133
BIAC,16193
ROST,91556
CPU,53508
WGA,63829
JERR,46544
JCOR,46245
ISN,46519
CCEM,86909
PYF,63722
ADD,44548
KIDS,11545
PCC,39036
AXR,38746
CUM,41080
GMCR,79588
FHT,76146
STW,16715
RPL,69171
MLAB,53074
AMAC,13470
WIT,38375
RIGS,66967
TGR,17340
PDS,61823
HSTR,80753
CLC,23975
DEBS,29111
METHA,53197
LSB,49488
MRSA,80648
ENT,61962
APGC,64427
MDC,66245
LSS,89675
FJC,23552
CSA,86714
GOSHA,90721
TMO,62092
BKUNA,92663
MRM,53015
PMD,11043
SAMC,80731
UFD,65808
KNT,75072
CLRP,77361
ATX,53575
CTX,53831
LAF,65656
MDKI,69542
MBLA,11625
AGH,75150
RAUT,66422
JBM,75172
REPB,80029
DRXR,30761
ATRI,11587
APOG,14526
FLD,42745
AGE,54391
GNC,77119
NDB,75094
CFWC,80703
VII,61700
LASR,48769
NBN,75556
TSY,37196
LVC,75174
SMF,76764
BPAO,10745
CDE,24441
DHI,77661
MACR,79991
ODC,59185
FED,75162
GTIM,76360
ASD,81285
CAER,75873
CLZR,10371
MLTF,55483
WAL,22269
HTWN,85810
CNM,10827
ELCH,31748
INFU,78161
QVCN,10636
GBTVK,77261
RYAN,68049
CKR,47133
DRS,65226
AGPH,11192
SEPR,76845
TXN,15579
LBNA,16855
CHA,21397
DMC,87151
CFSF,24177
ULTK,77893
RHB,76714
SISI,45744
FLM,47271
IMCL,77103
AIR,54594
SCTT,10016
SILI,70659
IDXX,76709
ABF,51721
NEWE,57542
CTO,26650
VRO,44492
AMHC,76788
TAL,39466
LEN,52708
REIN,79000
PBD,35166
DYT,31107
OEI,62690
PSYS,64355
SIII,79009
RAZR,79301
R,27633
MSGI,86079
FRM,58296
SDRC,11723
MNST,50470
WUR,43027
LSN,78980
WCN,53524
AZA,64856
YELL,59483
OPI,75792
ICSI,89122
PIOS,63125
AP,18075
WSCI,81614
AAL,63845
ARN,28740
RBCO,10425
ACAM,77021
HSI,50382
HOV,65285
WHT,45399
PZB,18649
TSO,37284
ST,27780
UFPI,79878
BLD,71538
IPAR,11884
GRTR,11430
INTP,44389
GI,75881
PCLB,64064
BID,75316
INF,43430
ASYS,65008
HYBD,42981
GEMS,11908
OROA,79615
LNDL,49737
MIKE,53381
GDP,57509
CDG,11994
TTC,60580
HLCO,88613
ADP,26331
WIE,38113
ICCC,11292
ECIN,32222
WY,39917
DPX,56960
BLSC,18244
NEC,47028
CANR,58641
HEAL,41399
VOL,81190
BTU,60054
GNCI,78825
CBNY,79253
WGO,51086
HDWY,81239
KT,45890
SIE,67723
FLK,46164
BML,33347
PEB,27713
TKR,14795
SNPS,77357
ERLY,31414
IJL,67993
THP,11465
INMD,77982
MGXI,76267
LRI,50462
KMT,44134
PERF,62200
HTHR,41260
NBSC,57251
PDQ,77880
KVU,33451
PCI,63298
MOND,79289
TWR,80852
GBX,80719
ODR,61604
MAJ,10761
TRAC,80820
ICO,11662
REP,22621
EVAN,33639
JBSS,77165
ANSI,65083
RNIC,67300
ABMD,75107
SERF,70114
RBK,91380
AAME,15580
FEN,24897
MLOG,10256
CRCL,41014
ADVC,10867
ZONA,79025
FDGT,10515
TWI,79198
CDO,61524
HCSG,41292
DS,11761
KSF,20183
CBB,59432
PILL,79518
SRY,11945
CSP,18999
ICOC,64258
ADSK,85631
PCOL,77434
GRNT,76278
PIOG,63088
RT,12458
HIRI,79391
ALOT,15537
CYM,87127
WEAR,13290
GXY,57226
FINL,77669
FSVB,10037
CMI,48282
CTEA,79374
ITIC,10901
SB,27596
ICIX,77542
HDC,40644
HMY,64979
SUG,51203
MAH,43238
YRK,77081
ESCA,33532
VTSS,77173
GDYN,88357
UTR,46260
CYRK,79376
NSH,45487
MCAWA,11626
CYB,62906
XIRC,77451
NYM,57446
AVT,27684
THRD,80768
RATL,80515
RDB,77454
ENZ,33209
COMS,76129
ASE,58560
TRKA,76743
ABIO,14622
TTI,76127
GLJ,59029
TBY,76022
SHIP,10224
VTK,77382
STAR,77405
BNHC,16708
BOW,66130
SRCO,10140
UHS,79637
SBRG,76354
IMD,72100
GRL,23253
XTO,79212
PLMD,77392
FOH,63597
CHRS,22753
EMBX,77099
GTX,63191
GW,63562
BCAM,76309
WTBK,10622
FNL,24918
WNSB,10762
SOMR,10194
SJM,77058
PPP,60695
TMSTA,11948
MRTA,10352
OLOG,59089
DMRK,77438
BBB,85762
NSW,27318
VRSY,11959
KEQU,47571
PNTK,11127
ELY,77366
SCHC,69121
HWS,80140
MBSI,10307
CKP,22921
WJ,46420
HRDG,75557
ENSW,76063
TDSC,78664
SYMC,75607
CIMC,10248
DMNG,13291
DRKN,30892
KIN,33398
NVIC,79723
SFFD,10683
BEAV,76138
ROG,35991
NEWH,75609
ZITL,84241
MHO,79909
SOCR,69033
MLC,58341
UNII,15828
MAD,25726
OWC,24811
SWHI,79944
NSSC,55993
CCSI,78872
ARTW,15203
LML,33646
CPLY,77985
DTRX,29576
SUND,10423
CCC,11378
GMGW,11858
MTRX,76279
MSCC,53640
BLA,51748
PSSI,80568
SSW,65074
MIDD,75470
KENC,47483
HNH,44468
RHC,12395
TSCO,80286
TRGI,29103
GIDL,76070
FQE,14306
FC,77637
MRTN,75517
GHX,61348
OI,77157
CTII,77437
UCO,44433
ISO,46018
SCTC,74086
ADI,60871
PERC,62149
ALHY,79790
BNE,47642
FA,29532
SSPE,76734
NMSS,80257
SMBX,92217
BBN,51393
WLV,79634
MX,59942
TDW,50606
BBRC,19888
MXWL,51960
AD,10487
HAY,21653
HUF,44150
QRSI,79523
POR,17902
LYO,75444
CRC,70455
PRST,75730
ODP,75573
DECO,11088
OPTC,90705
PRX,61138
SCHR,12002
ACVC,79933
OH,58026
AXE,46077
SYMK,73913
MER,52919
RAYS,79300
BSC,68304
NRRD,57884
BSET,17137
RYC,64346
BIOT,18287
BCL,67168
TTL,63036
FHR,49242
CHU,59205
GR,12140
GIBG,38982
BZ,62797
CIVC,75928
DI,19254
ACPI,10733
GRST,88445
PAR,80076
AVM,10363
A,60409
AAG,75188
CID,58384
ADSP,81196
CPY,20248
RRRR,11653
PRXM,78905
BCW,16651
FFEX,37832
GGUY,10035
DIBK,10461
FE,66915
WES,10211
WRO,38105
CURE,76720
PII,75182
ADAP,20723
HSN,69489
RHD,66828
DSGT,65218
TOD,37399
BIR,85965
ICOS,76693
FDB,41515
HGR,10051
IFSIA,44768
LCSI,48195
AHAA,45911
BDK,20220
HBW,53671
ATPC,15502
LOD,77873
SN,73438
WMS,64135
ROTO,91564
SMC,19852
AN,76282
UNI,10908
ESV,62519
BWA,79545
BW,55597
MTI,80071
MLXR,11740
TRED,76840
PSX,60310
TYL,76185
SVTG,82326
IS,80135
MCHM,89771
GLM,45428
GLUX,80126
SWVA,11764
SY,14525
SSCC,80543
AIF,58077
GRB,47888
BIO,61508
GBIZ,79491
TSCC,76846
RPC,75929
SF,72996
PS,43748
DGII,75831
ENQ,76762
HEC,40970
MXS,24715
STII,72523
PIC,62907
USM,75320
QDEL,76591
MEDP,80552
DRMD,10685
AIN,11731
BMC,65496
HTCH,88795
SPNC,77271
COBR,31078
SGI,10791
JOUT,11775
AU,75111
PHO,75878
EZM,31318
ALOG,14198
VI,58069
OEH,66085
RTEX,79863
TBI,76101
FLR,26382
AACE,78112
COE,77688
AALR,76271
NMS,59096
AE,61487
TNTX,81113
GLD,22568
YORK,83919
PRGO,77182
LPX,56223
ESNJ,79827
CII,76097
HYO,32985
POI,80915
DNFC,87274
ALCI,84276
ELPA,31764
BZH,80193
DLGC,80442
STMT,58799
RAWL,80659
SER,46172
OLGR,59222
HKF,75066
GNDR,10141
EN,62842
CKP,48047
ARWS,11376
TEL,57736
KM,12749
TUTR,78209
MAGI,80344
NICH,85885
TELC,74975
TFCO,80159
WBNC,11323
CFQ,55626
NAII,11654
SMG,49007
EMN,80080
CCBL,20125
PXD,75241
BCC,42024
ANDY,14331
BELM,79251
RHR,25312
AMTR,79149
MSC,67002
DMC,28311
NWRK,57163
QPON,70106
PLX,52628
PESI,78189
MAVK,76598
CAII,11136
NCEL,10544
ASEC,78954
ELSI,11197
NER,34665
EPIC,78008
ABAX,77279
CHKE,79315
FGCI,81079
RH,78042
TMI,65752
PWJ,54463
AMM,75149
RIG,79237
AMI,46754
FCOB,35407
ELTE,77678
LD,79908
FIS,28441
BRAE,19020
RYR,25718
GRR,51051
ALN,44740
AMEI,10555
KRE,77544
HMX,22250
VALE,76801
SRM,70018
IX,66595
SHOP,70440
SRA,73075
WDC,66384
HRMI,76505
ASHW,76322
DSR,30729
TDMK,10393
DAN,49285
FTL,71984
IBL,33232
CY,10302
INDI,77217
CLN,77368
WRLS,80165
CMN,11017
GFF,46463
FDY,79674
MOG,61807
KLU,24635
HHI,58894
CAW,49402
HSE,78102
MWRK,78990
LT,69024
PERY,79195
WSDI,68743
RCOT,65964
CNW,63108
ARW,29209
HTC,78157
SQA,72733
CNMW,23481
LFE,28337
NFSF,10580
AMZ,77052
CQX,63941
VENX,83804
PSCX,62790
CHX,70965
NETG,75448
TLX,37460
PSTI,77032
SPA,17523
NATC,44039
JOSB,80544
NOVN,12236
PCHM,76785
WMI,11955
CFIB,26578
CS,75625
SJK,79042
PMAN,62931
DEC,43916
CRV,24193
ALGH,11835
NUHC,67010
MAG,75596
KNO,61137
VPS,78216
ATMI,79799
MONFA,76547
GPO,27449
HAXS,91265
LODG,77334
DIVE,79378
FRES,80527
HWD,79171
GMIS,76749
EZPW,76798
ASM,29225
IBAH,77511
EQTY,33420
HPP,86423
WYL,44476
NX,42307
GTSI,76843
LABS,11534
RCKY,78908
TRN,55001
CCON,23588
SHCI,91679
SUMH,73366
HDYN,41356
IFCI,80823
RDC,45495
UAH,76622
KBH,70092
ODSI,77624
MGP,75176
TM,77456
WZR,83345
INDQB,75493
CGCA,70164
PENN,80563
ABCR,79932
JAX,66747
UIN,44003
HGSI,79977
FLIR,79265
PHXA,62675
SCI,68161
RHH,46762
CBK,57250
TSCN,79877
FTO,56063
ITRI,79839
CENT,22270
RJI,10972
EAL,20976
SHOO,80034
RADS,65438
ABBK,10341
BIO,61516
CRO,30533
HBJ,27924
CMOS,79683
AIZ,12320
HOGN,42084
RTS,38711
TKN,76768
AQTN,10998
PETC,80352
MNS,66253
TEK,40061
PST,49576
FSTR,37402
ARIT,10432
SEG,69607
RYL,62383
ARTG,15166
SLT,52943
LUFK,76489
CORC,27239
JACO,46229
CGEN,24556
GSY,40345
RENL,75865
URS,50278
EQK,52863
DEMP,11106
ATL,69219
ALLY,38149
COPY,27167
EEC,76222
FOUR,37365
EDO,31552
AMVC,77398
ELOT,81219
EPTO,10860
NSD,26753
ADTC,79563
ACIG,10576
KGM,58616
VLGEA,80857
BONT,76847
UNC,42569
FN,36215
BLTI,78071
NCS,60978
VSNA,76408
AB,10071
ATKN,85607
SYM,65429
WTRS,81700
FWC,18112
VICL,79022
INAI,44565
WAC,77080
ISLI,75528
AIFC,13152
PCR,50550
IRF,27705
TLII,10150
UIS,10890
IRI,45373
AW,76887
FIN,29962
TTII,79396
GOLF,12252
SOSA,10458
STZ,79193
VLO,61671
KVLM,47563
DM,11690
GSB,67563
OHC,55036
IUSA,77347
NRGN,76000
SMTI,66472
GYM,76609
OSH,60055
AWAL,12424
STN,79192
JJSF,10026
COHO,76232
GEHL,75861
PBFI,10127
CMR,69825
RIVL,77652
ORN,76270
GAL,88269
PANA,78718
RDL,76717
HET,76090
ABFS,77595
AHI,66421
OJ,51190
JNBK,10174
SYNL,76111
PRZ,91193
CITI,11833
FRED,77420
FONR,37154
KEI,89333
MAIN,76385
AKS,80303
GTK,77803
CATH,76747
GIGA,39029
BTEK,16468
LSI,48267
PDQ,54447
SPGLA,11760
CSI,81056
SMD,73614
ISCS,43407
NAC,77777
RONC,23472
BEAM,11522
TMAX,11147
ORFA,59935
DM,77388
SYMX,76587
WMIC,82334
SANG,80030
CLWY,76713
PVA,12249
HNV,32897
ROIL,77555
BUTI,10087
IHII,77262
NFLD,80559
KMAG,11365
MEDM,76943
MGCC,52581
ROHN,22664
CSTM,77096
AAA,60863
TFLX,75521
ZLG,76566
HOG,68638
DBII,76548
CTT,66368
ECC,68398
COSCB,10394
RBG,54498
CSDS,79078
TELT,75968
WBB,39562
BTC,16564
SGR,80032
ONPR,11342
LEND,76855
AMD,61241
STAG,69877
WAN,65816
CODN,24417
UH,48565
ADAC,10752
INS,72119
AXSI,78468
ARKR,85586
NJST,11350
OPI,79725
UBS,75849
AG,77520
HXL,61567
GB,75256
ANG,65867
CLV,59213
CHIC,23238
COT,77473
MTIC,80463
STCR,79420
SHEL,70288
ERC,64944
SBIO,73956
ASI,29276
MDEA,87207
SWH,90676
CYBE,11825
BEV,47992
TOS,61663
CHH,40352
VTS,76769
MON,76829
LH,12062
KLLM,10442
CNP,31042
NSTA,80145
ISER,50519
INPR,75902
KLAC,46886
RBI,51094
SEM,62738
PNRA,76695
SAG,61022
WLM,11384
ADMS,11483
TGIS,79529
EME,60177
LABL,11638
OPTI,79183
DRV,46471
ZAP,38295
TTN,48696
TRLS,76102
DTSI,12005
IGCA,79172
FILE,11531
FBA,63511
STO,36978
SPZN,55060
PMCS,76624
MRII,77883
VCSI,69447
ESL,50788
MAM,76075
VFLX,80669
GNL,77541
MARSB,76670
TAVA,77681
HPII,75585
SYNT,10537
DAP,77876
NSCO,57155
AQM,65032
UNV,65103
VTRX,80486
PSI,63300
WHX,19238
UNT,63781
RT,39204
TLC,53621
PYRD,91273
SCON,79006
WYG,83687
SWF,47060
CXIM,75545
AR,10364
BI,29639
HURC,42922
PLAB,11154
CDCR,86626
MEDS,11899
ZMOS,84180
SY,70280
ZHOM,79201
PNS,68611
NZ,34630
POSS,63686
LEAF,10398
VRC,63044
IRSN,45955
EFIC,11468
REAL,66369
ASTR,15465
NWSW,79294
ODETB,66667
NTN,76963
X,76644
ACTM,81470
PSBN,10203
LPH,57373
WANG,80057
WNC,77117
BEC,63466
AIX,75368
FAUL,54819
ABSI,10074
PDN,60994
ISP,76676
TCH,63378
XUPS,75904
FIMG,76793
FBST,80812
SLCR,68647
OSG,51457
NCL,56549
QHGI,80570
BNS,42606
LFC,54551
DIC,69323
UTEK,79628
FWF,40811
TRO,58720
WECA,93084
LDY,33830
CIMA,80740
CSRE,26279
ITSI,45509
TLXN,75273
KNCI,11888
CFSC,86204
ETEX,11595
CSV,68339
CSYI,86677
DIGI,30067
CEA,25750
HAHO,77218
KLH,87645
RE,41486
PNRL,61460
EBIX,11481
TTX,62463
HRS,25582
CERN,10909
AMT,10057
MXM,26593
MEDY,52565
HMSY,78156
ECOL,12758
MBRW,79715
FEI,62228
CDX,76513
NSS,75262
RFTN,66086
OSU,80184
SE,48645
LCBM,29736
GRIL,79994
TACO,77992
MATT,76025
ALAN,11456
NGH,76597
ADV,64514
BWC,79668
INGR,44792
ASFN,75795
MILT,90211
NIC,64303
CSTN,87047
BLSI,40062
FSFT,79385
BASEA,17057
RMUC,67425
HYSW,77030
SWS,77043
SQA,72741
ESCC,33612
VCNB,75923
BROD,77094
III,87725
LNET,79712
MACK,50703
ACHV,14833
FRA,44708
HRVY,79271
PNG,79726
CEN,38914
SK,64477
EEC,46025
AZ,20458
CNTL,22825
CGRM,77025
AWA,80778
INEL,11475
TERM,75540
KV,77158
MDA,80796
AAI,75793
WHC,80774
MMSI,76392
HEII,40540
TDM,74617
PURW,25786
MMD,67678
SPAN,71942
MOV,34358
RTI,76148
DJCO,10355
GSOF,11036
PUL,22787
MTRN,80651
ILI,80420
TPIE,75089
CTU,22518
GSCC,39686
MTEC,73796
ULBI,78213
NSRU,11372
MTN,63247
SECM,11373
SLTI,75822
GRG,88429
OS,75308
TRSC,77228
WLB,59467
STEC,75794
BIM,10705
MORF,55133
AXHM,28151
MCRN,76737
QHRI,76630
ULB,29496
RURL,79417
KAB,42067
MGL,77854
HSO,62279
SVG,75189
CAB,80317
EROQ,10676
RESR,66545
GARN,11726
QDIN,80359
GEER,80628
HCH,53620
PRM,60337
JCBS,46237
VEE,48944
STCH,12257
OAK,34825
CGR,75604
IDC,45306
TMD,75986
TCII,74895
AYD,58376
EXAR,87696
PTC,61146
MFRI,76052
GYMB,78972
TBR,62746
ENR,79084
TT,61209
ADL,54375
TRMB,76230
TSXX,62447
FBH,57533
QNTM,65024
LQ,66624
INMT,89093
MPRS,77035
PRCP,77868
AMCC,12715
ARVX,76079
BQR,65058
PNFT,75310
VRN,40643
ROIX,11040
PRS,63749
DPTR,79259
USI,92770
ORG,10928
KOG,61372
TBAE,80256
IDPH,76841
HRN,40994
FCME,73278
SPY,60716
LFT,63351
CNP,61532
VFND,76236
CNJ,80416
IRIC,44194
CYR,62164
BIRD,18156
COR,31069
IIG,62594
USRX,77049
SZ,56354
ORYX,80465
FID,50980
AAM,77162
BOOT,80434
MTZ,43959
AIRM,11641
BKO,28134
AZIC,65155
ZILA,76008
GWO,22023
LDIC,11480
SUNL,77248
BUR,77465
LMS,33603
BAIB,11978
GHV,76703
CNGR,11174
CSTL,56742
AUG,49701
ONA,75356
MAI,34147
CLQ,80382
URBN,79881
CHT,75815
MMAN,11194
IMDC,10342
INET,86642
BEAR,79801
HSS,42586
HDR,63212
REC,61620
GZEA,75657
FSII,75434
PN,20984
CFA,65189
SGB,61639
LUTH,50287
DLT,31173
SYSM,57577
SBP,36740
ENGL,77268
CEE,64725
VARL,80484
HLO,76657
GEN,62260
SFGD,68452
WAC,63642
MTWO,75553
ICL,11630
ETCIA,87549
SCVL,79007
EXPO,76261
BHA,75153
MTST,78043
ALSC,79935
GTOS,10247
ERSI,79086
PTRK,64013
OCTL,11913
PSAI,80658
TER,51369
SYMM,70616
VRES,80654
NSM,51377
AMI,10611
TOK,48709
HHH,68937
MILW,10835
VSTA,77619
ESN,71888
CRWN,27800
SPF,72696
WAX,81753
WRPC,12113
CSIM,75614
PHYC,77276
DRS,65234
GSE,70674
MRLL,10185
MLR,80828
SKYT,75490
IMGN,75860
INVF,45875
GA,38317
AW,76475
ISV,79703
CDCO,80313
SYPR,80534
BOON,18762
PICO,76586
SHO,53399
ORB,76139
WTX,78791
RGCY,66123
MMI,79337
AMY,63087
HL,32651
PKD,58675
CLTY,77494
ATML,76584
ASKI,10429
NATL,57999
DPT,59707
HNW,60476
INVI,52282
CIW,61954
OM,20394
RELL,66852
CELS,10439
CNSL,26658
MXP,61436
STAC,77581
OHM,33508
AIMM,78812
ESIO,32054
CNSI,76692
AMH,60046
NLON,47408
WAXS,76977
MRV,76759
UESS,78626
PWRH,76746
GCO,21055
CLC,43043
WMAR,79884
NXTR,80146
WID,43844
CRLS,77170
FLC,46228
PBSF,75926
SMX,92815
SLMD,77713
GRO,80829
PKPS,91089
MSBK,77782
CAST,80802
HZN,55706
EEI,71837
ALTO,12192
VOT,37874
CON,11124
HVE,39108
ZEUS,80375
GSOF,25989
CSM,75335
GGTI,32061
LRCX,48486
AOI,57461
RCE,56768
VTS,65082
CPH,11694
STK,58464
ACTL,79467
CARE,75875
MLE,89886
HND,63618
SBLI,75433
XPRSA,19227
IT,67985
ENVG,77844
TNY,37276
NATH,78900
GRH,54543
OPTN,77517
WS,75597
ABN,50075
BENH,16732
ELET,79263
COVR,81510
NSB,58166
HES,57170
SIL,70624
RAM,45014
WALL,79024
BDG,77881
FIBR,11381
IDTI,44506
TRR,74406
MGR,53050
FCI,62586
EYE,38447
LACI,77238
GTWY,88277
OXE,29832
LII,75173
SUMA,79624
GPX,58501
RMDY,81506
SUST,43967
DECK,79686
EJ,62180
FMXI,79971
APHT,76880
RNBO,11678
YSCO,75862
EXBT,75834
HUDS,75739
CCS,63116
WBC,65445
SMIN,71555
ABG,15974
EAF,31659
GST,49074
RSAS,81178
NPSP,80560
SEQU,11346
LMRK,76772
DSSI,77327
CAKE,77902
TRA,65293
DIAN,76755
CMDC,77323
AMX,10161
INRS,77512
ASZ,76596
SMLB,70915
SQNT,11283
AMK,69200
HUFK,10845
HFD,66202
BAY,53284
CSOF,11532
MAN,16707
MABS,55037
CNRS,80975
CMCI,79951
CSPI,20336
STB,55247
GWAY,88285
WLD,64506
AVX,56899
RYOU,88592
HHRD,76212
CMTR,77348
PAPA,77409
FTSP,11757
ORX,75423
EFG,66536
RVR,13232
GPH,38520
EKO,58173
SSFT,69332
INLQ,79093
GNTA,77180
TXHI,75759
COHR,24476
MCON,75560
FARL,77267
BS,10786
RDIC,79733
MRN,55079
IINT,44135
SCOC,79190
BRKT,77993
CTUS,22497
CSOL,11330
EACO,10800
ANK,77090
GDYS,77026
XIDX,83855
INFS,76507
FRTZ,77989
CYPB,43290
ONPT,79283
MAIR,53306
DHC,76515
MRE,89931
VBAC,80730
GPTX,81242
ADU,41734
WYNT,42607
SCHN,79866
DXYN,10886
HMII,50059
SWTX,11393
SMFR,46114
FHS,76697
AVAN,10258
PRLX,61322
MZ,22680
SUNT,25727
WAIN,12281
ATGI,10089
VLFG,76020
VMXI,79856
MMG,25961
SPIR,72232
BISH,18324
KOL,45866
POP,56143
IFC,56805
VFI,76142
MLG,77371
UG,78749
TNC,92524
ICII,77617
EDAC,87514
SEMX,77159
ADB,68216
MICS,53429
SU,73323
CENT,77780
MCDY,53576
HTXA,12190
PCSS,80351
HAD,40708
TSAI,81282
ELMG,32110
AMTX,43474
WU,15325
RGEN,10200
CRDN,22374
CAL,66456
BONZ,79943
SIGM,10259
TSC,84911
DATM,28952
NABC,76802
LADF,48371
STRX,74027
CEXP,80925
SNLB,69703
ORBT,59871
EFTC,80325
NMPS,77767
ASTA,85041
CAND,76215
UMM,20968
GCCC,10079
VOXX,75033
BVSI,75818
DPC,47116
WHX,17337
NMG,75179
RNX,49525
HBI,75621
CML,20240
MXTR,89894
JBAK,10325
HOWT,88779
AXPH,79794
GNUC,40425
ITX,68494
HT,56485
SSAX,11103
CGS,30816
ENG,76593
IDL,26286
DLW,65315
EDBR,21039
GDR,38798
THRT,77597
AMO,10321
LIVE,89608
SP,53364
CDL,65525
SHN,70376
ZIM,46826
IDX,88832
SSYS,81010
PCMS,81502
ASY,79797
HPH,32563
STKY,92100
DTII,80443
PSON,80357
NAK,11181
APOS,11636
CLIX,25604
TRGP,76016
OWOS,81004
BVAS,11132
CMTL,26201
GBR,79066
DKEY,28725
MTSN,80943
REPT,80360
CPE,80926
TMTX,75417
EVMD,76549
ASYT,79568
GRCO,39590
NEWP,57534
AZR,75900
CARL,49083
SODK,79308
MPO,80461
FCC,69374
ESEX,33567
GECM,10412
VCELA,11958
SMTH,10634
MSAI,51204
CLO,46615
DMC,43211
MGL,49672
BIR,29559
BOR,78851
DFLX,28717
MWHS,78180
BYD,79758
LENS,11998
VLSI,79848
BWF,76667
NHCI,79181
AVID,78955
GUL,75579
IQSW,77987
NLX,58317
LEH,80599
PCC,68865
EPIE,77446
PYX,80186
CMNT,86917
HECHB,41420
HARC,61111
KFX,80758
UQM,77486
SCES,80063
ATRX,76306
JMY,48100
AS,17566
GC,77027
BWI,77161
ARTL,75503
SODI,41216
ARNX,77773
IREG,78106
IPX,79209
NWK,11038
KTCC,47619
VRTX,76744
DSTM,81483
ATIS,11895
PPI,64338
BUS,77142
ANIC,81240
ISIP,76661
ITGR,80756
KLIC,48144
VECO,81116
HOLO,76844
BKN,63925
NXTL,77284
SEAG,69543
AFS,64709
WMSI,82991
PHRS,61525
PLS,57138
TST,11541
WAN,46770
BLY,58480
HARY,79168
CGNE,10462
ASHE,80919
UMED,78116
WNMP,77343
WTDI,11747
MRVC,78179
AMMB,49614
TMRK,76208
DVC,62375
WPIC,77278
FH,76248
EGLS,79262
TREV,77587
SDYN,72603
CTI,78786
MAR,64039
ACLE,10605
MPAA,80341
WOA,44337
HECHA,41428
GIX,77874
MRGC,54528
TXF,53751
MICA,11484
NR,34673
PCEP,11744
UCOMA,79428
LTXX,48291
ANDA,43327
HFS,42359
ASCA,79795
AULT,15748
IMI,60492
CNO,61858
OSTN,59409
LACE,75523
ROBV,67345
SPKR,10849
EDT,75894
VTA,79927
LNY,79502
SM,54738
SMSC,72486
GIII,75905
SME,70077
BELW,17559
VSCI,78217
NSTK,80004
BLLW,17495
MSOL,11362
NEXL,76457
SPTR,72072
HEAT,77799
STIM,80042
VANS,76797
WTT,77235
LVX,48776
LCE,12888
EPI,21872
APM,52804
MWAV,77495
HRSH,80245
BTUI,75447
MICN,80554
AMSWA,13777
WIKS,79745
INAC,43781
MB,54771
RBDS,79861
CFIX,23027
SCC,49218
ADLI,76701
LXEI,76617
SIGB,77411
PPH,10870
EJ,62199
ATRM,79472
AXXX,15131
PCTL,91003
GRXR,49736
BARY,10175
HEX,49357
YSII,80293
FEXC,35589
TEXM,76098
LUR,62316
LTV,25507
IFRS,10019
CRUS,75603
CUIS,80785
DGN,57592
LOGC,12214
INGN,44410
WELS,87012
RSTOB,67628
CHPS,10738
RTII,65446
PURT,75728
MINY,54360
PAE,39984
ATLF,15625
JAYJ,11344
GCR,75295
TRMM,77184
AKLM,10114
CLDN,80113
RIBI,66836
RBSN,67257
MCH,52602
KYC,67299
SPSI,88234
RMTR,78910
DAIO,28629
AVL,80073
BTGC,18033
BB,63095
XICO,83863
CMPC,89763
FBRX,34623
WBI,60396
CELG,11552
GILD,77274
CCRO,79807
META,76947
CORE,77237
ESON,77387
ALMI,12117
DCA,30075
WWTR,77625
TFC,57891
PTEC,11917
TBUS,81109
ENSO,10062
KVN,11338
GCBK,10003
ATPH,28652
CTME,24126
RELM,10779
USEC,79573
PPTV,90924
VSR,71191
SEP,62412
CVN,60900
PRIA,81007
CIFR,23529
SAFT,79107
WSTNA,10484
CTYF,23908
NOV,10818
BBGS,11977
SP,70199
AXAS,76888
SOTA,76666
LTG,75286
MIKN,79850
USMX,79151
FERO,34578
IOI,75957
BOST,18834
QSYS,79205
LCLD,48363
NTLB,56507
ALCD,11624
PEC,58763
VBAN,79840
WVTK,81745
MOGN,54798
SHLO,79307
GFI,67037
CUL,64207
MDTC,11037
TGL,75247
ZE,18067
ENER,32636
AHPI,77259
SVGI,70632
IMPX,11401
QUAD,64902
HCO,79272
SYNE,74019
ANCR,80505
FSB,46084
MKTY,52231
SPCO,91871
ELS,60927
SYI,74123
PMRX,77189
STRB,10830
REXN,66801
BKY,29663
LIO,24731
MDW,53939
EA,38543
JWP,46288
TUNE,76535
TEI,54682
CODL,11773
OHC,65015
NAV,12503
SBEI,68145
IECE,78892
AGAM,79675
ENCC,87573
IEHC,33136
TIG,79137
VIN,50593
CXC,61612
NSCC,76200
DNKY,79257
USO,46324
MENT,52813
LA,10434
BSBC,10809
APAT,10547
BSBL,11651
INX,51211
CSCC,81281
COW,66341
GSNX,80332
CCM,56303
PKA,10446
AQS,10455
CTA,60388
MSL,59782
RSTO,67620
RIE,75091
FILM,79147
INMC,10768
SCIO,20678
TIII,62420
SEHI,79008
AINN,79148
CCEE,77915
WALK,77442
CNR,60425
DILO,29971
FCH,68435
DDC,79751
BTRE,76618
AWCSA,10496
UTLC,77869
IVCO,80376
TRCR,75930
AUTO,10281
JGIN,12040
ADO,59846
AM,18980
CCAR,75651
PRMA,79297
LUCK,79606
CHOL,86482
ARG,61719
WSL,49840
UVR,54957
CTCO,27749
SCZ,75481
DAWK,79958
RR,69673
QFAB,79860
ABTI,77988
SAU,77002
DHTI,75548
RENT,10853
BSN,75700
BRKS,81241
PDLI,77292
GEO,64741
GHO,67555
DODV,76281
ORPH,81002
VMI,11453
BMED,75801
COOL,27124
EX,79780
NAN,65373
WJI,59168
SCRI,76194
MON,68056
RSGI,67062
AAV,17278
OPTO,59839
RSND,79002
NRD,66288
PGA,51326
CLR,86765
GENE,24548
BAR,76247
BDW,43780
CTH,12138
MGN,90289
STAT,77356
CVTI,80969
INTXA,80636
WBAT,93113
KLU,76758
EEE,63140
EGGS,11964
BAS,61292
TBIT,76141
ITB,67619
VNTX,77277
GACC,50403
USHG,77443
TWP,75192
BTRL,18220
AHOM,77098
DYPR,80324
WTEL,81454
KENT,62084
BERT,76718
KRYS,77601
TONE,59620
RAM,76780
MBE,79831
ATOG,10361
NDI,47204
ABTC,79245
EVTC,78146
BIOI,74580
GRE,39781
VLNC,77582
BSPT,77508
GES,40168
RAXR,65227
MTOR,62595
APCI,14614
AMKG,14083
IMG,44821
VIDI,76972
PDSF,80562
MATR,76110
DLNK,80235
PTB,78860
BAMM,78050
NMRX,82541
GIES,66705
AUR,64717
TRPS,80579
GTA,66579
CARN,15991
MTL,51270
KCLC,12041
URIX,75672
CREB,22585
STAA,72304
LPT,61380
STUA,17989
MATX,77291
HRT,76544
KTEC,79399
RVCC,66070
SFOK,71213
RLLY,75833
SBN,77055
SNRS,75760
COB,12149
USTX,76458
PRCY,75859
ISPC,11424
HATH,41188
ROSS,76627
CMIN,81475
AMXI,12230
FAMS,38173
CHS,69809
FRB,59109
CFK,65891
THOR,76100
AQP,79766
MCT,46121
TRUK,19693
JTS,70375
GDC,62607
PCNI,77112
OLGC,78836
LECH,75655
MAJR,51079
BPCO,10504
SPCT,80843
AHI,79591
MSY,62017
RENO,79028
NBIC,58150
SLV,60345
HAUS,76362
DOSE,10406
OXIS,29744
WEB,80290
SHOW,11459
ISCO,79704
CMP,25583
TSA,81064
PMSV,76132
AVAK,16011
PTX,79053
LTV,79335
SSH,17814
ITEQ,76543
CNX,10765
CRAY,75869
ALTS,36311
TRID,78208
UGNE,11601
CLCP,11727
M,59950
DLOG,30227
GWH,52935
CHAI,77913
MSEL,12260
VLID,80005
GND,77028
BSTC,77208
KESI,79601
SYGR,79407
OPTS,77384
PER,62973
VCTR,90852
SCLN,77413
CRTQ,78846
MRBL,10610
NUMS,58801
BUKS,20002
BTJ,18650
NEB,16695
TSP,64813
CVGT,27036
ANI,46659
CMAG,78023
VISN,79023
TCOR,74625
AGLF,78760
CPTH,20320
VH,76615
DMP,31288
MMR,80557
TIGR,11233
ELJ,75479
LIFC,77362
GNV,76116
AAC,77297
OMX,81063
ALLP,60090
SUL,73294
PHX,76011
SALD,78198
PFSB,91011
AIIC,13187
TRNZ,76206
IMNR,76166
TMAN,77657
MTRM,90254
UFF,75102
OPP,66675
PRIM,76580
INTS,76096
UPAC,76450
TWI,55167
OPC,31878
ALBN,11870
IRE,55853
ECTL,10863
STMX,76782
ENST,47750
ILX,11881
ATEC,78868
SEEQ,69885
PNET,11554
DASW,28696
MFCO,53656
MCR,61786
ISIG,76934
ARXX,62500
CAP,61102
NMPC,76407
CWLD,86610
NVUE,76964
PMCP,10303
GATE,84153
AHTS,10063
MEQ,53444
EAD,31579
CCF,41152
FTTR,10222
ENBC,78965
NBE,58528
SUW,36994
PAGZ,17911
FOFF,70421
CLD,76607
PHAR,62472
OSIP,10143
NTRX,77919
PETM,79411
MDCD,78998
TYGR,37357
TOW,62455
FBT,59272
TRCD,79016
ANDR,14286
PTL,57728
ECTH,31983
ABTE,80220
FOT,60070
GOI,41304
DNAP,28231
IMUL,76662
EGLE,75659
LSP,33769
NOVX,58465
AJ,61276
WAVT,80855
SDL,61655
NEXT,75835
ACIX,12619
JQH,81060
GEOX,10557
ASFT,76842
CAVR,86431
HFL,65955
ICST,76704
ICA,27000
VSTR,10820
WLS,77074
TIE,61866
WELL,79533
HALL,51976
CRH,75318
IMCI,79595
EMIS,75696
OREX,81001
GBFE,10178
XOMA,10333
CROP,11212
ATW,71239
NKOT,77969
VVUS,80485
THDO,79197
GOTK,75710
NETM,79612
DUSA,77289
MSTI,52506
BYC,66560
WIX,68195
QUAN,64988
CEGE,78815
DICN,29875
IDYN,77266
BTIX,75645
UHCI,77932
NUME,52928
IMSI,79981
CHKR,77095
ASPX,79152
PBIO,77632
IKOS,76231
IMMU,43757
TANK,76705
KUAL,26834
ASTX,79798
CECE,11499
VRTL,77169
DIYH,79160
DBG,77588
EISI,77774
PORT,21304
CHMX,23019
CVAS,77294
ALI,63386
MCRO,53461
FINX,34973
CHEM,75627
INFN,44170
CITA,78022
ABC,67969
PSTA,80023
RDRT,77039
ICGX,77483
BNT,10574
ALRC,80503
AMTA,14059
DAM,57701
GTN,75675
VIEW,77185
ALDA,79247
BHWK,79153
NS,79062
GX,62615
EFCX,80237
GNLB,76699
MENJ,77269
BNYN,77837
SUDS,92137
STLC,53509
MJR,67336
GFC,28409
CPA,76637
LSCP,75866
ESAF,79100
RSPN,78029
MAXI,51992
AURA,12122
CLST,79950
SECX,10772
NHSB,57323
CYGN,76910
ARIA,80918
CYBR,77931
ROU,80404
AG,18817
FSCX,11477
SVB,47191
MCTL,86319
BYX,75328
AAC,64151
MPN,77312
BJCT,78219
LSVI,76739
NCDI,77663
CBR,68363
III,57015
BRZS,75913
CUS,62527
MSCO,51845
AFAM,75526
EECN,75055
DVLG,76106
ALGO,11763
DKAI,37859
SEQP,73729
CGM,81288
JNS,78937
NEOP,78066
DMED,79480
ADIE,85650
OAKT,81265
SUBS,74561
DAZY,28346
TOPS,77843
LGND,78081
STMI,77440
NVF,22605
LFAY,70113
ZMBA,80028
BQC,45233
PLPT,76080
CEPH,76625
TGEN,80577
SNTV,76738
TCSI,76740
BLI,19976
USHO,76688
FLFE,36944
CORR,76716
GROS,10879
JC,77064
MRNR,79290
TXA,64370
MOSX,76199
SEI,63327
NLI,67694
ADAX,80302
ECSC,77321
CPSS,78018
STA,79130
WAL,76150
ABAG,80497
NIIS,75800
MOVI,80831
USDL,81015
AMSC,77175
DAVL,79685
GGNS,12174
MATH,78894
ESMC,77892
ICF,75899
VTEL,77505
AH,10153
EEX,67491
ONHN,79706
SKYC,80036
DIPL,79818
MFIC,18308
SMTL,81275
CRNR,23377
LINK,79280
NMIC,56531
CSMO,27407
AIPN,10963
BBTK,79371
ALKS,76736
SOL,81290
GWRX,80631
FHC,76461
ZAP,66173
DBIO,28434
ITG,63482
KFI,76462
HIGH,88701
CYTO,10383
CALC,75435
ARIS,77082
DGC,57883
AVC,80587
NBI,63693
SOMA,10328
SPMT,77978
HDS,79783
EVY,17435
NATW,77602
MVL,81293
BGO,43684
NOW,69526
RMTK,65622
PZM,79540
ELGT,10155
ASB,85447
WWTK,12284
LDBC,48208
CBCX,20918
ALTN,77086
IHHI,12195
UNMG,80853
IHS,76626
OEN,72389
JUST,77968
FLP,63589
CFON,80803
CYT,23924
BKI,57488
DHSM,79256
VSIN,77363
ANRG,77020
TSST,76916
MAGN,77171
COSCA,77410
WWE,61479
INPT,79577
NERX,12063
TRUV,76169
GCA,40192
FSTW,78959
VERD,76430
PAUH,79105
CTR,58165
VCIC,80119
BDT,78074
DBCI,68946
CVM,44813
GZTC,79390
IGR,80609
IPIC,76374
GZTR,81154
ASNT,79940
DEXT,77865
CORX,75962
IWSI,76170
MAW,76173
EVRX,11549
TXB,81066
STRS,10077
EXCA,33690
FLSC,81081
TOWR,79875
FEET,80327
BPIE,76893
PMTI,78193
CMX,81262
TRND,80667
SBUF,11868
FLWR,78150
SHG,79438
PACK,77390
SVRI,70675
JSI,77899
HVDC,80265
CNTR,78890
PRIA,64048
WAVO,81018
PFG,78041
QDEK,76698
PARS,62552
AXC,77781
SRGN,77497
BSMT,76651
OPEN,76683
GMGC,81248
ARCI,77202
GIT,75397
ZENT,84100
VEN,76498
LBN,56506
IWRK,79707
TESI,10987
MABXA,76295
PHA,93236
AQIS,80565
FLST,75914
IPEC,77851
ALTS,11385
BIOP,38624
AUGI,77203
CVN,77859
SCII,75581
SMTG,76773
CTRX,76564
HEMA,10775
DATC,80532
KEN,60513
MTEC,50682
MEDX,76706
GASS,79587
SCO,75643
API,76879
COCN,78817
LSKI,76790
PAGE,77038
ARGNA,79248
DR,76707
TELV,75345
CBEX,20897
SHMN,78839
SNIC,80279
CYTR,10838
EPMN,77097
CSCI,10714
POCI,77263
JMAR,76317
ONC,11119
CPRO,76848
OFIS,81266
CAYN,77091
DWTI,79379
WEXC,13638
SYQT,77183
ISSI,81256
RFMI,80763
IFSC,44928
CDTS,79478
CHM,77376
CBMI,78134
HTEK,43167
APGR,77265
REGN,76614
MCLL,79400
URMD,80372
